Birch_base,DBSCAN_base,Birch_bayes_best,DBSCAN_bayes_best,Passed
248,-1,22,0,1
866,-1,1,1,1
35,-1,46,2,1
351,0,47,3,1
802,1,55,4,1
716,1,10,4,1
638,2,15,5,1
713,3,5,6,1
363,4,16,7,1
412,2,6,5,1
760,12,7,6,1
426,5,0,0,1
249,-1,8,8,0
0,5,9,0,1
771,3,5,6,0
688,1,10,4,1
887,-1,9,0,1
333,0,3,3,1
689,6,11,9,1
93,-1,91,10,1
818,1,10,4,0
626,2,38,5,0
2,7,13,3,1
627,-1,14,1,1
3,1,32,4,1
2,-1,13,3,1
364,8,18,1,1
628,2,15,5,1
762,1,54,4,1
633,2,25,5,0
375,4,16,7,1
792,3,5,6,1
334,0,40,3,0
365,2,25,5,0
366,8,18,1,0
159,9,43,11,0
294,4,16,7,1
868,6,30,9,0
363,4,16,7,1
188,10,19,11,0
493,5,0,0,1
691,11,21,8,1
250,4,17,7,1
841,11,8,8,1
106,-1,12,2,1
251,-1,22,0,1
479,11,8,8,0
867,4,16,7,1
35,-1,2,2,0
702,3,5,6,1
623,-1,68,1,0
71,36,2,10,0
4,-1,20,11,1
529,-1,82,11,0
842,-1,4,4,1
465,19,65,8,0
706,3,5,6,1
250,4,17,7,0
457,11,21,8,1
363,4,16,7,0
862,0,13,3,1
161,10,23,11,1
367,8,18,1,1
373,4,16,7,0
692,11,21,8,0
496,5,34,0,0
574,8,24,1,0
337,0,47,3,0
457,11,21,8,0
871,8,1,1,0
872,-1,7,6,0
206,10,19,11,0
505,5,34,0,0
5,-1,83,0,1
873,0,3,3,0
162,10,19,11,1
671,8,18,1,0
368,2,25,5,1
162,10,23,11,0
351,0,47,3,0
873,0,3,3,0
912,-1,26,7,0
494,5,34,0,0
723,-1,27,6,0
351,0,47,3,0
530,10,23,11,1
693,11,61,8,0
724,-1,28,6,1
72,24,69,10,0
163,5,29,0,1
694,6,30,9,0
253,-1,31,9,1
804,-1,88,4,0
370,4,33,7,0
458,5,34,0,0
601,13,51,3,1
843,-1,35,6,0
531,-1,95,5,1
840,0,47,3,1
412,2,6,5,1
602,-1,15,5,1
806,3,37,6,0
371,4,33,7,0
746,-1,28,6,1
294,4,105,7,1
716,1,10,4,1
413,-1,51,3,0
516,5,0,0,1
803,1,4,4,1
874,4,26,7,0
355,0,47,3,0
36,-1,81,2,1
71,36,2,10,0
805,1,55,4,0
575,-1,38,5,0
405,-1,17,7,1
783,1,32,4,0
674,8,18,1,1
766,1,32,4,1
335,0,40,3,0
254,-1,22,0,1
446,5,0,0,1
372,6,11,9,0
770,1,4,4,1
373,4,33,7,1
393,4,26,7,1
725,32,39,8,1
164,-1,86,11,1
576,4,105,7,0
742,1,32,4,1
532,-1,38,5,1
255,33,71,1,0
296,4,105,7,0
842,-1,4,4,0
493,5,0,0,1
356,0,40,3,1
695,11,39,8,1
875,10,20,11,0
876,-1,42,3,0
533,-1,94,11,0
334,0,40,3,1
457,11,21,8,0
178,10,43,11,0
234,6,30,9,1
764,3,37,6,0
875,10,20,11,0
256,-1,65,8,0
661,39,44,1,0
257,-1,45,9,0
134,6,45,9,1
73,-1,46,2,0
577,-1,1,1,1
875,10,20,11,1
603,-1,97,1,0
578,8,1,1,1
459,5,101,0,1
805,1,54,4,0
374,0,47,3,0
126,-1,39,8,0
709,1,32,4,0
488,11,21,8,1
591,8,18,1,1
352,0,40,3,1
494,5,34,0,1
258,6,48,9,1
579,2,38,5,0
802,1,4,4,1
337,0,13,3,1
628,2,73,5,0
469,11,21,8,0
845,1,4,4,1
162,10,19,11,0
324,4,74,7,0
367,8,71,1,1
187,10,43,11,1
203,9,93,11,1
745,1,32,4,0
221,6,48,9,0
458,5,34,0,0
803,1,4,4,0
630,2,15,5,0
167,10,41,11,1
631,8,14,1,1
726,-1,49,4,1
152,-1,82,11,1
208,-1,84,11,0
338,-1,67,3,0
366,8,18,1,0
414,-1,51,3,0
457,11,21,8,0
37,-1,52,10,0
195,10,23,11,0
58,-1,52,10,1
375,4,16,7,0
632,-1,73,5,1
161,10,41,11,0
662,-1,44,1,1
580,-1,24,1,0
493,5,0,0,0
160,10,19,11,0
376,4,26,7,1
587,8,1,1,1
201,10,41,11,0
881,-1,96,7,1
877,-1,29,0,0
222,6,45,9,0
806,42,37,6,0
495,11,63,8,1
583,8,18,1,0
633,2,25,5,0
831,-1,37,6,1
826,3,37,6,1
634,2,6,5,1
495,11,63,8,0
493,5,0,0,0
727,-1,54,4,0
728,-1,99,6,0
757,12,7,6,0
878,-1,66,7,1
696,1,10,4,1
378,5,29,0,0
333,0,3,3,0
807,-1,55,4,0
209,6,30,9,1
161,10,23,11,0
697,3,5,6,0
729,1,32,4,0
604,8,14,1,1
457,11,21,8,0
635,8,14,1,1
210,6,78,9,0
334,0,40,3,0
188,10,50,11,1
767,-1,37,6,0
415,-1,74,7,0
339,0,3,3,1
891,-1,8,8,1
170,-1,43,11,1
808,1,55,4,0
589,8,14,1,1
879,11,21,8,0
652,2,15,5,0
633,2,25,5,1
35,-1,46,2,1
880,26,56,3,0
881,-1,66,7,1
576,4,105,7,0
869,0,13,3,1
307,0,51,3,1
763,3,5,6,1
698,1,32,4,0
882,-1,83,0,0
803,1,4,4,0
588,-1,1,1,0
697,3,5,6,1
763,3,85,6,1
730,1,32,4,0
416,-1,83,0,1
703,3,5,6,0
704,3,5,6,1
171,10,86,11,0
177,10,19,11,0
643,2,6,5,1
397,4,33,7,0
768,-1,7,6,0
883,-1,56,3,0
884,0,13,3,1
602,-1,15,5,0
35,-1,46,2,1
696,1,10,4,1
663,8,18,1,1
768,-1,7,6,0
633,2,25,5,1
460,11,21,8,0
809,-1,54,4,1
417,-1,57,8,1
712,1,10,4,1
708,3,5,6,1
730,1,32,4,0
846,-1,98,3,1
885,32,70,8,1
371,4,17,7,0
74,-1,58,2,1
128,-1,45,9,1
886,-1,102,8,1
96,53,59,10,1
631,8,14,1,0
375,4,16,7,0
610,8,14,1,0
637,27,15,5,0
493,5,0,0,0
699,1,10,4,1
671,8,18,1,0
873,0,13,3,1
37,-1,52,10,0
634,2,6,5,1
417,-1,57,8,0
172,10,41,11,0
279,6,48,9,0
434,5,0,0,0
459,5,101,0,1
350,0,40,3,0
75,-1,46,2,1
127,6,45,9,0
81,-1,2,10,0
162,10,19,11,0
700,3,5,6,1
95,-1,52,10,0
633,2,25,5,1
219,6,30,9,0
521,-1,9,0,1
160,10,19,11,0
664,8,1,1,0
75,-1,46,2,0
696,1,10,4,0
64,-1,60,2,1
301,4,16,7,1
412,2,6,5,0
173,10,23,11,0
688,1,10,4,0
97,-1,59,10,1
888,-1,61,8,0
339,0,13,3,1
663,8,18,1,1
323,-1,51,3,0
665,-1,53,5,0
418,-1,62,7,0
135,6,11,9,1
591,8,18,1,0
634,2,6,5,0
457,11,21,8,0
889,-1,29,0,0
529,-1,82,11,1
664,8,1,1,1
701,3,28,6,1
143,6,45,9,0
0,5,9,0,0
137,6,11,9,0
336,0,40,3,0
169,10,50,11,0
198,-1,86,11,0
334,0,40,3,0
176,10,19,11,0
717,3,5,6,1
363,4,16,7,0
381,0,72,3,1
315,13,51,3,0
37,-1,52,10,1
207,10,93,11,1
636,2,6,5,1
173,10,23,11,0
412,2,6,5,0
629,8,18,1,0
211,22,78,9,0
847,4,96,7,1
375,4,16,7,1
792,3,5,6,0
461,5,101,0,0
333,0,3,3,0
814,1,4,4,1
259,14,31,9,1
212,15,30,9,1
731,-1,32,4,1
568,-1,36,5,0
419,11,63,8,0
696,1,10,4,0
653,2,15,5,0
38,-1,60,2,1
639,8,18,1,1
890,-1,13,3,0
39,-1,87,10,0
879,11,70,8,1
213,6,11,9,1
891,-1,8,8,0
12,-1,9,0,0
337,0,47,3,0
420,-1,57,8,1
308,0,13,3,0
494,5,34,0,0
376,4,26,7,0
703,3,5,6,1
493,5,0,0,1
334,0,40,3,1
690,3,5,6,0
444,11,39,8,0
634,2,38,5,0
462,5,22,0,1
379,11,21,8,1
36,-1,81,2,0
769,3,85,6,1
638,2,6,5,0
380,4,16,7,0
40,-1,89,10,0
427,5,0,0,0
636,2,6,5,1
701,3,5,6,1
496,5,34,0,0
651,2,25,5,1
845,1,4,4,1
341,4,16,7,0
260,-1,31,9,0
459,5,101,0,1
473,11,21,8,0
214,-1,20,11,0
300,0,3,3,1
41,-1,52,10,0
691,11,21,8,0
299,-1,56,3,1
771,3,37,6,0
534,-1,64,5,0
497,11,61,8,0
688,1,10,4,1
177,10,41,11,1
892,-1,56,3,1
727,-1,54,4,0
336,0,40,3,0
770,1,4,4,1
662,-1,44,1,0
42,16,76,10,0
265,-1,65,8,0
378,5,29,0,0
200,-1,50,11,1
581,-1,36,5,1
301,4,16,7,1
444,11,39,8,0
848,-1,42,3,0
412,2,6,5,1
177,10,41,11,0
659,2,25,5,0
252,-1,65,8,0
349,0,72,3,0
466,-1,61,8,1
261,25,48,9,1
369,0,47,3,0
38,-1,60,2,1
335,0,40,3,0
297,4,74,7,1
732,-1,27,6,0
175,10,82,11,1
467,-1,22,0,0
94,-1,12,2,1
663,8,18,1,1
772,1,32,4,1
215,6,30,9,1
299,-1,56,3,1
535,-1,36,5,0
493,5,0,0,1
426,5,0,0,1
869,0,13,3,1
544,-1,80,5,0
665,-1,53,5,1
498,5,34,0,0
167,10,41,11,0
160,10,19,11,1
893,-1,66,7,0
716,1,10,4,0
419,11,63,8,0
579,2,38,5,0
334,0,40,3,0
720,1,10,4,1
437,11,63,8,0
773,3,7,6,0
356,0,40,3,0
666,-1,53,5,0
262,-1,48,9,0
536,-1,44,1,0
382,4,17,7,1
641,2,25,5,0
496,5,34,0,1
302,-1,67,3,0
211,-1,78,9,1
894,0,13,3,1
176,10,19,11,0
303,-1,56,3,1
895,-1,61,8,1
499,5,29,0,1
230,6,48,9,1
605,-1,68,1,0
318,-1,56,3,0
500,5,0,0,1
510,5,9,0,1
167,10,41,11,0
181,6,11,9,0
699,1,10,4,1
709,1,32,4,0
690,3,5,6,0
818,1,10,4,1
154,6,11,9,1
295,0,13,3,1
171,-1,86,11,1
509,5,34,0,0
339,0,3,3,0
710,1,10,4,0
642,2,38,5,1
94,-1,12,2,1
881,4,96,7,0
574,8,24,1,1
160,10,19,11,0
598,8,1,1,0
216,-1,79,9,0
870,5,34,0,0
161,10,23,11,1
525,5,101,0,1
805,1,54,4,0
336,0,40,3,0
692,11,21,8,0
469,11,65,8,0
160,10,19,11,1
333,0,3,3,0
727,-1,54,4,0
774,-1,35,6,1
173,10,23,11,0
777,-1,7,6,0
725,32,39,8,1
176,10,19,11,0
213,6,30,9,1
173,10,23,11,1
497,-1,102,8,1
807,-1,55,4,0
664,8,1,1,0
811,-1,54,4,0
643,2,25,5,1
588,8,1,1,0
127,6,45,9,1
818,1,10,4,1
167,10,41,11,1
383,0,40,3,0
179,10,23,11,0
165,10,19,11,0
180,-1,90,11,1
72,44,69,10,1
217,10,20,11,1
218,6,11,9,1
644,48,73,5,1
259,14,31,9,1
167,10,41,11,0
419,11,63,8,0
380,4,16,7,1
177,10,41,11,0
334,0,40,3,0
412,2,6,5,1
690,3,5,6,1
502,5,34,0,0
635,8,18,1,0
232,10,20,11,1
371,4,33,7,1
173,10,23,11,0
698,1,10,4,1
177,10,41,11,1
770,1,4,4,1
212,6,30,9,0
870,5,34,0,1
722,3,85,6,0
664,8,1,1,1
636,2,6,5,0
129,6,45,9,1
337,0,47,3,1
896,4,26,7,0
730,1,32,4,1
249,-1,8,8,1
434,5,0,0,1
219,6,30,9,1
370,4,33,7,1
130,-1,45,9,1
169,10,50,11,1
421,-1,39,8,0
94,-1,12,2,1
565,-1,80,5,0
296,4,105,7,1
504,32,39,8,0
298,4,105,7,1
36,-1,81,2,0
741,1,54,4,0
525,5,0,0,0
43,-1,60,2,1
218,6,11,9,0
2,7,13,3,1
582,-1,1,1,1
300,0,3,3,0
698,1,10,4,0
460,11,21,8,1
172,10,41,11,1
261,25,48,9,0
667,-1,64,5,0
530,10,86,11,1
690,3,5,6,1
361,0,72,3,0
176,10,19,11,0
894,0,13,3,0
433,-1,83,0,1
719,3,5,6,0
775,3,7,6,0
226,-1,79,9,1
386,4,96,7,1
606,2,15,5,1
422,-1,57,8,1
97,-1,59,10,1
508,11,70,8,0
629,8,18,1,0
342,0,13,3,1
641,2,25,5,0
166,6,48,9,0
499,5,29,0,1
146,6,11,9,0
849,0,42,3,0
897,-1,70,8,1
370,4,33,7,0
263,-1,71,1,1
633,2,25,5,1
892,7,13,3,0
209,6,30,9,0
244,10,50,11,0
507,11,70,8,1
182,-1,43,11,0
176,10,19,11,1
594,8,14,1,1
333,0,3,3,1
854,0,13,3,1
470,11,63,8,0
645,-1,64,5,0
162,10,41,11,0
762,1,54,4,1
177,10,41,11,0
629,8,18,1,0
645,-1,38,5,1
333,0,3,3,0
320,17,67,3,1
384,-1,72,3,0
500,18,83,0,1
160,10,19,11,0
646,2,73,5,0
643,2,6,5,1
508,11,61,8,0
883,-1,56,3,1
885,-1,70,8,0
475,11,63,8,0
482,5,101,0,0
787,-1,5,6,1
262,14,31,9,0
509,5,34,0,0
537,-1,64,5,0
192,10,41,11,1
264,19,65,8,1
135,6,11,9,0
423,11,63,8,0
183,-1,82,11,0
392,4,33,7,1
151,6,11,9,0
76,-1,46,2,1
179,10,23,11,0
769,3,5,6,0
636,2,6,5,0
457,11,21,8,1
503,11,21,8,0
463,11,21,8,1
399,-1,74,7,0
220,10,50,11,1
510,5,34,0,1
341,4,16,7,1
81,-1,52,10,0
184,-1,78,9,0
701,3,5,6,1
253,-1,31,9,0
343,-1,67,3,1
635,8,18,1,1
715,1,54,4,0
494,5,34,0,0
265,-1,65,8,1
633,2,25,5,1
130,6,45,9,0
340,17,67,3,0
911,0,13,3,1
495,11,63,8,1
636,2,6,5,1
511,-1,29,0,0
805,1,10,4,0
668,-1,53,5,0
776,-1,4,4,1
847,4,96,7,0
845,1,4,4,0
669,-1,75,1,1
234,6,30,9,1
389,4,33,7,0
889,-1,29,0,0
373,4,33,7,0
826,3,37,6,0
169,10,50,11,1
179,10,19,11,0
538,37,64,5,1
647,2,6,5,1
593,8,1,1,0
671,8,18,1,1
495,11,63,8,0
402,4,17,7,1
344,0,3,3,1
854,0,13,3,0
670,8,18,1,1
228,6,30,9,0
390,4,33,7,0
866,-1,1,1,1
185,9,93,11,1
397,4,33,7,1
720,1,10,4,0
630,2,25,5,1
222,6,78,9,1
448,5,0,0,1
42,16,76,10,0
841,11,8,8,0
668,2,53,5,0
44,-1,77,10,1
209,6,30,9,1
505,5,0,0,1
172,10,41,11,0
712,1,10,4,0
457,11,21,8,0
334,0,40,3,0
43,-1,60,2,1
777,-1,7,6,0
719,3,28,6,1
704,3,5,6,0
702,3,5,6,0
172,10,41,11,0
223,15,30,9,1
907,4,105,7,1
425,-1,22,0,1
647,2,6,5,0
181,6,11,9,0
217,10,20,11,1
131,-1,78,9,1
540,-1,64,5,0
703,3,5,6,1
699,1,10,4,0
765,3,28,6,0
746,-1,27,6,1
705,1,10,4,0
42,16,76,10,0
369,0,47,3,1
509,5,34,0,1
300,0,3,3,0
812,-1,35,6,0
884,0,13,3,0
194,10,41,11,1
345,-1,67,3,0
579,2,38,5,0
471,11,8,8,0
172,10,41,11,1
421,-1,102,8,0
470,11,65,8,0
132,10,23,11,0
162,10,19,11,1
494,5,34,0,1
643,2,25,5,0
884,0,13,3,0
688,1,10,4,0
876,-1,42,3,0
176,10,19,11,0
720,1,10,4,1
792,3,5,6,0
334,0,40,3,0
892,7,13,3,1
730,1,32,4,0
209,6,30,9,0
266,-1,8,8,1
790,3,85,6,1
703,3,5,6,1
305,-1,67,3,0
733,-1,54,4,1
377,4,96,7,1
776,1,4,4,1
457,11,21,8,1
218,6,11,9,1
179,10,23,11,1
162,10,19,11,1
762,1,54,4,1
172,10,41,11,0
221,6,48,9,0
267,-1,31,9,0
423,11,63,8,1
385,4,33,7,0
752,3,85,6,1
221,6,48,9,1
192,10,20,11,1
541,-1,79,9,0
161,10,23,11,1
98,-1,76,10,1
509,5,34,0,1
684,8,71,1,0
468,5,34,0,1
579,2,38,5,1
472,-1,101,0,0
256,11,65,8,0
646,2,73,5,0
505,5,0,0,1
804,-1,88,4,1
734,-1,49,4,0
670,8,18,1,1
625,2,73,5,0
359,0,40,3,0
648,-1,73,5,1
392,4,96,7,0
99,-1,52,10,0
629,8,18,1,0
179,10,19,11,1
344,0,3,3,0
542,20,38,5,0
845,1,4,4,1
672,8,75,1,0
381,0,72,3,0
607,8,68,1,0
496,5,34,0,0
645,-1,36,5,0
867,4,26,7,0
527,5,29,0,0
643,2,6,5,0
646,2,73,5,1
540,-1,64,5,1
518,11,70,8,0
100,-1,12,2,0
770,1,4,4,0
898,-1,66,7,0
45,-1,77,10,0
403,4,16,7,1
199,-1,90,11,1
702,3,5,6,0
502,5,34,0,1
19,11,61,8,0
698,1,10,4,0
390,4,74,7,1
636,2,6,5,1
703,3,28,6,1
131,22,78,9,0
154,6,11,9,0
459,5,101,0,0
129,6,45,9,0
377,4,96,7,0
460,11,21,8,1
673,-1,71,1,0
186,-1,19,11,0
653,2,73,5,0
735,3,27,6,1
398,4,33,7,1
781,1,4,4,0
897,-1,70,8,0
803,1,4,4,0
149,6,45,9,1
690,3,5,6,0
363,4,16,7,0
652,2,15,5,0
133,-1,103,9,0
456,5,0,0,1
304,0,56,3,1
501,5,9,0,0
544,-1,80,5,1
165,10,43,11,1
716,1,10,4,0
366,8,18,1,1
631,8,14,1,1
629,8,18,1,1
245,-1,50,11,1
583,8,18,1,1
457,11,21,8,1
675,-1,71,1,1
510,5,9,0,1
586,8,14,1,1
492,21,65,8,1
808,1,55,4,1
779,-1,7,6,0
457,11,21,8,1
426,5,0,0,1
125,6,11,9,1
170,-1,43,11,0
1,-1,9,0,0
877,35,29,0,0
403,4,16,7,0
813,-1,55,4,1
471,11,8,8,0
780,3,35,6,1
375,4,16,7,1
899,-1,66,7,0
766,1,32,4,1
161,10,23,11,0
724,-1,27,6,0
874,4,26,7,1
766,1,32,4,1
194,10,41,11,1
698,1,10,4,0
306,-1,74,7,0
417,-1,57,8,1
165,10,19,11,0
726,-1,49,4,1
455,40,22,0,1
508,11,61,8,1
86,-1,46,2,1
526,5,9,0,0
410,4,17,7,0
382,4,96,7,1
506,-1,83,0,1
647,2,6,5,0
672,8,75,1,0
294,4,16,7,0
500,5,0,0,1
764,3,37,6,1
182,10,90,11,0
473,11,63,8,0
629,8,18,1,1
636,2,6,5,0
709,1,32,4,0
850,-1,66,7,0
703,3,28,6,0
594,8,24,1,0
689,6,11,9,1
217,10,20,11,0
626,2,15,5,0
177,10,41,11,0
457,11,21,8,0
498,5,29,0,1
604,8,14,1,0
489,-1,57,8,1
268,-1,8,8,0
177,10,41,11,1
46,-1,81,2,1
585,-1,24,1,0
187,-1,43,11,0
356,0,40,3,1
647,2,6,5,1
377,4,33,7,0
187,-1,43,11,0
429,-1,22,0,0
707,1,4,4,1
647,2,6,5,0
386,4,33,7,0
668,2,53,5,0
608,8,14,1,1
188,10,50,11,0
770,1,4,4,1
341,4,16,7,0
735,3,85,6,0
424,-1,0,0,0
77,38,69,10,1
174,6,11,9,0
803,1,4,4,1
335,0,40,3,1
516,5,0,0,1
771,3,5,6,1
363,4,16,7,1
708,3,5,6,0
387,4,17,7,1
646,2,73,5,0
636,2,6,5,0
165,10,19,11,0
313,0,3,3,0
757,12,85,6,0
814,1,4,4,0
474,11,21,8,1
423,11,63,8,0
78,-1,46,2,0
341,4,16,7,0
468,5,0,0,1
709,1,32,4,0
638,2,15,5,1
672,8,75,1,1
715,1,54,4,0
97,-1,59,10,1
134,6,45,9,0
188,10,19,11,1
311,-1,51,3,0
850,4,66,7,1
808,-1,55,4,1
617,8,18,1,0
513,-1,61,8,0
189,10,23,11,1
633,2,25,5,0
726,-1,49,4,1
509,5,34,0,1
248,-1,22,0,0
225,-1,79,9,0
36,-1,81,2,0
301,4,16,7,0
802,1,4,4,0
351,0,47,3,0
216,-1,79,9,0
149,6,45,9,0
258,6,48,9,0
705,1,10,4,0
339,0,3,3,0
462,5,22,0,0
389,4,33,7,1
396,4,96,7,0
179,10,41,11,1
579,2,38,5,0
525,5,29,0,0
191,-1,82,11,1
545,-1,80,5,1
629,8,18,1,0
707,1,10,4,1
412,2,6,5,1
670,8,18,1,1
176,10,19,11,0
430,-1,83,0,0
643,2,6,5,1
192,10,23,11,0
668,2,53,5,1
129,-1,45,9,0
186,10,19,11,1
210,6,78,9,1
628,2,73,5,0
475,11,63,8,1
641,2,25,5,0
638,2,6,5,1
225,-1,48,9,0
768,-1,7,6,1
670,8,18,1,0
630,2,15,5,1
512,11,63,8,1
169,10,50,11,0
604,8,14,1,1
649,8,97,1,1
206,10,19,11,1
375,4,16,7,1
883,-1,56,3,1
129,6,45,9,0
542,-1,38,5,0
514,49,83,0,0
421,-1,39,8,0
636,2,6,5,0
460,11,21,8,1
586,8,14,1,0
307,0,51,3,1
508,11,61,8,0
215,6,30,9,0
376,4,26,7,1
809,-1,55,4,0
363,4,16,7,0
458,5,34,0,1
334,0,40,3,0
561,54,80,5,1
670,8,18,1,1
193,-1,93,11,1
177,10,19,11,1
676,-1,53,5,0
412,2,6,5,1
185,9,93,11,1
629,8,18,1,1
647,2,6,5,1
352,0,40,3,1
641,2,25,5,1
643,2,6,5,0
658,2,15,5,1
169,10,50,11,0
135,6,11,9,0
226,-1,30,9,0
494,5,34,0,1
390,4,16,7,0
494,5,34,0,0
307,-1,51,3,0
780,3,7,6,0
269,-1,65,8,0
642,2,38,5,0
171,10,23,11,0
463,11,21,8,0
600,-1,68,1,1
538,-1,64,5,0
371,4,17,7,1
166,6,48,9,0
641,2,25,5,0
911,0,13,3,0
344,0,3,3,0
507,11,70,8,1
664,8,1,1,1
399,4,74,7,0
100,46,81,2,0
362,0,72,3,0
403,4,16,7,0
815,-1,100,6,1
636,2,6,5,0
391,-1,62,7,1
530,10,23,11,1
546,-1,80,5,1
584,8,14,1,0
701,3,5,6,1
24,-1,29,0,0
213,6,30,9,1
131,22,78,9,1
509,5,34,0,0
335,0,40,3,1
690,3,5,6,1
639,8,18,1,1
462,5,22,0,1
468,5,0,0,1
806,-1,37,6,0
642,2,38,5,0
732,-1,27,6,0
494,5,34,0,1
900,-1,66,7,1
396,4,26,7,0
699,1,10,4,1
389,4,33,7,0
636,2,6,5,0
873,0,13,3,1
308,0,56,3,1
814,1,4,4,1
781,1,4,4,0
493,5,0,0,1
733,1,54,4,0
784,3,35,6,1
702,3,5,6,1
131,22,78,9,1
782,3,35,6,1
309,-1,104,7,1
710,1,10,4,0
690,3,5,6,0
304,0,56,3,1
385,4,16,7,1
392,4,96,7,0
341,4,16,7,0
459,5,101,0,0
587,-1,1,1,1
388,4,16,7,1
894,0,13,3,1
707,1,4,4,1
375,4,16,7,0
47,23,81,2,0
574,8,24,1,0
698,1,10,4,1
658,2,15,5,1
585,8,1,1,1
902,-1,26,7,0
644,48,73,5,0
194,10,41,11,1
111,-1,76,10,0
698,1,10,4,0
310,47,74,7,1
494,5,34,0,1
848,-1,42,3,1
459,5,101,0,1
377,4,96,7,0
697,3,5,6,0
135,6,11,9,1
159,9,43,11,0
195,-1,23,11,1
586,8,18,1,1
629,8,18,1,0
474,11,21,8,1
227,10,20,11,0
588,-1,1,1,0
710,1,10,4,1
346,-1,42,3,1
468,5,34,0,0
716,1,10,4,0
603,-1,68,1,0
129,6,45,9,0
174,6,11,9,0
488,11,21,8,0
185,-1,93,11,0
386,4,96,7,0
801,3,7,6,0
716,1,10,4,0
431,-1,83,0,0
585,8,1,1,1
209,6,30,9,1
651,2,25,5,0
663,8,18,1,0
178,-1,43,11,0
696,1,10,4,0
194,10,41,11,1
644,48,73,5,1
773,-1,7,6,0
515,-1,9,0,0
730,1,32,4,1
736,-1,27,6,0
729,1,32,4,1
432,-1,8,8,1
434,5,0,0,1
228,6,30,9,0
596,8,18,1,0
815,-1,100,6,0
502,5,34,0,1
359,0,40,3,0
638,2,15,5,0
712,1,54,4,0
424,-1,0,0,0
398,4,33,7,1
498,5,29,0,0
311,-1,51,3,0
458,5,34,0,1
59,23,60,2,0
165,10,19,11,0
399,-1,74,7,1
476,11,8,8,1
811,1,88,4,0
160,10,19,11,1
816,1,54,4,0
402,4,17,7,1
34,5,9,0,0
633,2,25,5,1
221,6,48,9,0
727,-1,54,4,0
863,0,72,3,1
533,-1,84,11,0
875,10,20,11,1
334,0,40,3,1
781,-1,88,4,0
561,-1,73,5,0
650,2,15,5,0
165,10,19,11,0
710,1,10,4,1
389,4,33,7,0
705,1,10,4,1
737,-1,54,4,1
782,3,35,6,1
494,5,34,0,1
503,11,21,8,0
378,5,29,0,1
390,4,16,7,0
713,3,5,6,1
135,6,11,9,1
348,0,47,3,1
0,5,9,0,0
708,3,5,6,0
459,5,101,0,1
300,0,3,3,0
381,0,72,3,0
101,24,76,10,0
43,-1,60,2,0
19,11,61,8,1
584,8,14,1,0
666,-1,53,5,1
402,4,33,7,1
841,11,8,8,0
423,11,63,8,1
608,8,14,1,1
173,10,23,11,0
433,-1,83,0,1
710,1,10,4,0
372,6,11,9,1
687,-1,71,1,0
738,1,54,4,0
461,5,101,0,1
388,4,16,7,0
768,3,7,6,0
739,1,54,4,1
187,-1,43,11,0
102,-1,92,2,1
26,11,70,8,1
410,4,17,7,0
547,-1,1,1,1
96,53,59,10,0
348,0,47,3,1
639,8,18,1,1
493,5,0,0,0
481,19,65,8,1
209,6,30,9,0
77,38,69,10,1
658,2,15,5,1
513,-1,61,8,1
817,-1,55,4,1
162,10,19,11,0
717,3,5,6,1
708,3,5,6,1
130,-1,45,9,1
604,8,14,1,0
548,-1,44,1,1
390,4,74,7,0
304,0,56,3,1
383,0,40,3,1
296,4,26,7,0
872,-1,85,6,1
124,-1,59,10,1
428,52,63,8,1
355,0,47,3,0
357,0,47,3,1
512,11,21,8,0
74,-1,58,2,1
690,3,5,6,1
475,11,63,8,1
844,1,32,4,1
229,30,79,9,0
890,0,56,3,1
392,4,33,7,1
516,-1,0,0,1
507,11,70,8,1
783,1,88,4,0
768,-1,35,6,1
308,0,13,3,0
770,1,4,4,1
261,25,48,9,0
741,1,49,4,1
656,2,6,5,1
790,3,85,6,0
776,1,4,4,0
784,3,35,6,0
698,1,10,4,0
630,2,6,5,1
545,-1,80,5,1
742,1,32,4,1
435,-1,39,8,1
503,11,21,8,1
517,-1,22,0,1
419,-1,63,8,1
154,6,48,9,0
656,2,6,5,1
494,5,34,0,1
705,1,10,4,1
671,8,18,1,0
668,2,53,5,0
103,-1,77,10,1
627,8,14,1,0
881,4,96,7,0
341,4,105,7,0
197,10,90,11,0
42,16,76,10,0
578,8,1,1,0
337,0,47,3,0
434,5,0,0,1
224,10,41,11,0
609,-1,97,1,1
313,0,3,3,1
311,-1,51,3,1
385,4,16,7,1
477,-1,22,0,1
215,6,30,9,0
334,0,40,3,0
528,5,34,0,1
549,39,75,1,0
42,16,76,10,0
785,-1,35,6,0
706,3,85,6,0
808,1,55,4,0
583,8,1,1,0
258,6,48,9,0
180,10,20,11,1
96,-1,59,10,1
525,5,34,0,1
606,2,15,5,1
372,6,11,9,0
137,6,11,9,0
776,1,4,4,1
638,2,6,5,0
468,5,0,0,0
192,10,23,11,0
387,4,17,7,0
350,0,40,3,1
459,5,101,0,1
743,1,88,4,0
740,-1,85,6,0
41,-1,52,10,1
458,5,34,0,0
700,3,5,6,0
634,2,25,5,1
542,2,38,5,0
622,-1,68,1,1
128,-1,45,9,0
125,6,45,9,1
783,1,32,4,1
370,4,33,7,1
792,3,5,6,1
729,1,32,4,0
706,3,85,6,0
729,1,32,4,0
187,-1,43,11,0
744,-1,54,4,1
655,2,25,5,1
806,42,37,6,1
179,10,23,11,0
892,7,13,3,0
610,8,14,1,0
498,5,34,0,1
668,2,53,5,1
505,5,0,0,0
853,0,42,3,1
122,-1,58,2,0
389,4,33,7,1
851,29,42,3,0
772,1,10,4,0
699,1,10,4,1
513,-1,61,8,1
300,0,3,3,0
766,1,32,4,0
388,4,16,7,1
230,6,48,9,0
104,23,12,2,1
40,-1,89,10,0
38,-1,60,2,1
592,8,75,1,1
854,0,13,3,0
351,0,47,3,0
270,-1,62,7,0
818,1,10,4,0
214,-1,82,11,0
469,11,21,8,1
149,6,45,9,0
709,1,32,4,0
700,3,5,6,0
697,3,5,6,0
177,10,41,11,1
745,1,32,4,1
874,4,26,7,0
253,-1,31,9,1
470,11,21,8,1
215,6,30,9,1
502,5,34,0,0
344,0,3,3,1
390,4,33,7,1
518,11,39,8,0
722,12,85,6,1
708,3,5,6,1
334,0,40,3,0
182,-1,90,11,0
412,2,6,5,1
807,-1,55,4,1
351,0,47,3,1
811,1,88,4,0
883,-1,56,3,1
819,-1,28,6,1
623,-1,68,1,1
307,0,51,3,1
765,3,28,6,1
62,-1,60,2,0
519,5,9,0,1
387,4,17,7,1
380,4,16,7,1
436,-1,102,8,0
621,-1,36,5,0
423,11,63,8,0
206,10,19,11,1
187,10,43,11,1
358,0,47,3,1
129,-1,45,9,1
629,8,18,1,0
312,0,40,3,0
379,11,21,8,1
495,11,63,8,0
385,4,16,7,1
735,3,27,6,1
345,0,67,3,0
460,11,21,8,1
369,0,47,3,0
271,-1,43,11,0
649,8,68,1,0
385,4,16,7,0
182,10,90,11,1
475,11,21,8,1
663,8,18,1,0
641,2,25,5,0
177,10,41,11,1
105,-1,76,10,0
721,3,28,6,0
258,6,48,9,1
473,11,63,8,1
550,-1,44,1,0
496,5,34,0,0
672,8,71,1,1
436,-1,102,8,1
149,6,45,9,0
512,11,21,8,0
118,-1,59,10,1
509,5,34,0,0
458,5,34,0,1
520,5,9,0,1
630,2,15,5,0
473,11,21,8,1
363,4,16,7,0
187,-1,50,11,1
636,2,6,5,0
496,5,34,0,1
612,-1,14,1,1
210,6,78,9,0
301,4,16,7,0
264,-1,65,8,1
394,-1,17,7,1
653,2,15,5,0
818,1,10,4,1
460,11,21,8,1
791,-1,88,4,0
613,-1,36,5,0
797,3,35,6,1
231,-1,79,9,0
574,8,24,1,1
509,5,34,0,0
473,11,21,8,1
628,2,73,5,1
0,5,9,0,1
722,12,7,6,1
649,8,97,1,1
474,11,61,8,0
134,6,45,9,1
651,2,25,5,0
458,5,34,0,1
521,-1,9,0,1
229,30,79,9,0
460,11,21,8,1
211,6,78,9,1
607,8,24,1,0
386,4,96,7,0
698,1,10,4,1
459,5,34,0,1
715,1,54,4,0
776,-1,4,4,0
468,5,0,0,1
643,2,25,5,0
690,3,5,6,1
722,12,7,6,0
575,2,38,5,0
134,6,45,9,0
304,0,56,3,1
196,-1,106,11,0
395,4,74,7,1
689,6,11,9,1
635,8,18,1,1
375,4,16,7,1
390,4,33,7,1
350,0,40,3,0
763,3,5,6,1
337,0,47,3,0
390,4,33,7,1
651,2,38,5,1
772,1,32,4,0
676,-1,53,5,0
655,2,25,5,0
462,5,101,0,1
252,19,65,8,1
636,2,6,5,1
373,4,33,7,1
786,3,7,6,0
426,5,0,0,0
0,5,9,0,1
617,8,18,1,0
373,4,33,7,0
47,23,60,2,1
457,11,21,8,0
435,-1,39,8,0
677,2,25,5,1
652,2,15,5,1
690,3,5,6,1
784,3,35,6,0
803,1,4,4,1
220,10,50,11,1
402,4,17,7,0
601,0,51,3,0
714,3,28,6,1
232,-1,20,11,1
764,3,37,6,0
698,1,10,4,1
419,11,63,8,1
708,3,5,6,1
237,6,48,9,0
106,-1,12,2,1
716,1,10,4,1
81,-1,52,10,1
438,5,0,0,0
782,3,35,6,1
136,14,48,9,1
179,10,23,11,0
173,10,23,11,0
587,-1,1,1,0
49,-1,87,10,0
775,3,7,6,1
636,2,6,5,1
867,4,26,7,1
396,4,26,7,0
804,-1,88,4,0
334,0,40,3,0
710,1,10,4,0
401,4,105,7,1
417,-1,57,8,0
194,10,41,11,1
548,-1,44,1,0
138,-1,86,11,1
258,6,48,9,1
267,-1,31,9,1
544,-1,80,5,0
139,-1,23,11,0
375,4,16,7,0
341,4,33,7,1
691,11,21,8,0
397,4,33,7,0
352,0,40,3,0
127,6,45,9,0
494,5,34,0,1
149,6,45,9,0
516,5,0,0,1
718,3,28,6,0
300,0,3,3,1
687,-1,75,1,0
36,-1,81,2,0
79,-1,58,2,0
634,2,38,5,0
438,5,0,0,0
710,1,10,4,0
488,11,21,8,1
510,5,9,0,1
197,10,23,11,0
441,-1,57,8,0
145,6,11,9,0
650,2,15,5,0
334,0,40,3,1
874,4,26,7,0
267,-1,31,9,0
357,0,40,3,0
420,-1,57,8,0
214,51,20,11,0
165,10,19,11,0
160,10,19,11,1
475,11,63,8,0
119,41,58,2,1
318,26,56,3,0
388,4,74,7,1
140,-1,31,9,1
802,1,55,4,0
82,41,58,2,1
522,-1,29,0,1
234,6,30,9,1
639,8,18,1,0
234,6,30,9,1
895,11,61,8,0
293,-1,31,9,0
551,-1,75,1,1
871,8,1,1,0
143,6,45,9,1
459,5,101,0,0
476,-1,61,8,0
746,-1,28,6,1
655,2,25,5,0
869,0,13,3,1
708,3,5,6,0
592,8,75,1,1
465,21,65,8,1
707,1,4,4,1
439,-1,39,8,1
169,10,50,11,0
764,3,37,6,1
50,-1,46,2,1
477,5,22,0,1
552,-1,44,1,1
208,-1,84,11,0
638,2,6,5,0
351,0,47,3,0
586,8,18,1,1
695,11,39,8,1
233,-1,79,9,1
585,8,24,1,0
596,8,18,1,1
627,8,14,1,0
901,-1,66,7,0
224,10,20,11,0
701,3,28,6,1
353,-1,67,3,0
333,0,3,3,0
736,3,27,6,0
313,0,3,3,1
581,-1,38,5,1
818,1,4,4,0
46,-1,81,2,0
398,4,33,7,1
377,4,96,7,1
423,11,63,8,1
148,6,45,9,0
337,0,47,3,1
334,0,40,3,0
653,2,15,5,0
670,8,18,1,0
379,11,21,8,1
651,2,25,5,0
781,1,88,4,1
296,4,105,7,0
313,0,3,3,0
463,11,21,8,0
698,1,32,4,1
690,3,5,6,1
890,-1,56,3,0
503,11,21,8,1
349,-1,72,3,0
808,-1,55,4,1
385,4,33,7,0
630,2,15,5,1
388,4,105,7,1
672,8,75,1,1
690,3,5,6,0
901,-1,104,7,0
399,4,74,7,0
459,5,101,0,0
744,-1,54,4,1
427,5,0,0,0
636,2,6,5,1
160,10,19,11,1
391,4,17,7,1
350,0,40,3,1
302,-1,67,3,1
703,3,28,6,1
464,19,65,8,1
179,10,23,11,0
583,8,1,1,0
459,5,101,0,0
125,6,11,9,0
701,3,37,6,0
647,2,6,5,1
195,10,23,11,0
690,3,5,6,0
386,4,96,7,0
344,0,3,3,1
588,8,1,1,0
135,6,11,9,0
690,3,5,6,0
440,11,63,8,1
747,-1,49,4,1
720,1,10,4,1
146,6,11,9,0
587,-1,1,1,0
820,-1,4,4,1
804,-1,88,4,1
633,2,25,5,1
821,-1,55,4,0
810,1,54,4,0
590,8,14,1,0
708,3,5,6,0
844,1,32,4,1
346,0,40,3,0
457,11,21,8,0
167,10,41,11,0
638,2,15,5,1
333,0,3,3,1
140,-1,45,9,1
700,3,5,6,1
47,23,81,2,0
528,5,34,0,0
169,10,50,11,1
229,30,79,9,1
438,5,0,0,0
688,1,10,4,0
177,10,19,11,1
869,0,13,3,1
297,4,74,7,1
666,-1,53,5,1
314,-1,62,7,1
376,4,26,7,1
128,-1,103,9,1
761,3,5,6,0
373,4,33,7,0
902,-1,26,7,0
264,-1,65,8,0
134,6,45,9,1
590,8,24,1,1
469,11,65,8,1
610,8,68,1,1
426,5,0,0,0
707,1,4,4,0
709,1,32,4,0
523,-1,9,0,0
11,-1,70,8,0
187,-1,43,11,1
811,1,88,4,0
219,6,30,9,1
639,8,18,1,1
385,4,16,7,0
653,2,15,5,0
589,8,14,1,1
598,8,18,1,1
501,5,9,0,1
412,2,6,5,0
692,11,21,8,0
583,8,1,1,1
395,4,74,7,1
478,-1,8,8,0
186,10,19,11,1
230,6,48,9,1
83,-1,69,10,0
176,10,19,11,1
2,7,13,3,0
637,27,15,5,1
461,5,101,0,0
441,52,63,8,0
590,8,14,1,1
412,2,6,5,0
806,42,37,6,1
315,13,51,3,1
822,-1,54,4,1
458,5,34,0,0
534,-1,64,5,1
457,11,21,8,0
507,11,70,8,1
823,-1,4,4,0
835,-1,55,4,1
688,1,10,4,0
740,-1,85,6,1
741,-1,54,4,0
198,-1,86,11,1
608,8,14,1,1
63,55,76,10,0
818,1,55,4,1
729,1,32,4,0
400,4,105,7,0
647,2,6,5,0
711,3,35,6,1
316,-1,51,3,0
869,0,13,3,1
505,5,34,0,1
787,3,7,6,0
879,11,21,8,1
501,5,9,0,1
149,6,45,9,1
162,10,19,11,0
215,6,30,9,0
780,3,35,6,1
870,5,34,0,1
690,3,5,6,0
462,5,101,0,1
294,4,16,7,0
223,15,30,9,1
363,4,16,7,0
363,4,16,7,0
354,-1,72,3,1
824,50,4,4,0
768,3,7,6,1
479,-1,8,8,1
382,4,96,7,0
714,3,28,6,0
266,-1,8,8,0
825,-1,35,6,1
636,2,6,5,1
869,0,13,3,1
373,4,33,7,0
574,8,24,1,0
503,11,21,8,0
787,3,7,6,0
167,10,41,11,1
614,2,15,5,0
385,4,16,7,1
141,-1,78,9,1
347,-1,72,3,0
840,0,47,3,1
642,2,38,5,0
195,10,23,11,1
104,-1,12,2,1
653,2,15,5,1
20,11,61,8,1
16,35,29,0,1
355,0,47,3,0
400,4,105,7,1
101,24,76,10,0
221,6,48,9,0
736,3,27,6,0
380,4,16,7,0
84,44,76,10,1
705,1,10,4,1
223,15,30,9,1
524,5,9,0,0
300,0,3,3,0
553,-1,80,5,0
776,1,4,4,1
690,3,5,6,1
177,10,41,11,0
646,2,25,5,0
507,11,70,8,0
658,2,15,5,0
803,1,4,4,1
474,11,21,8,1
442,-1,57,8,1
424,5,0,0,0
764,3,37,6,0
714,3,28,6,1
227,10,20,11,1
614,2,38,5,0
310,47,74,7,1
423,11,63,8,0
663,8,18,1,0
401,4,105,7,0
676,-1,53,5,1
65,-1,89,10,0
469,11,65,8,1
591,8,18,1,1
423,11,63,8,1
380,4,16,7,0
160,10,19,11,0
207,10,93,11,0
171,10,23,11,0
524,5,9,0,0
363,4,16,7,0
363,4,16,7,1
505,5,0,0,1
426,5,0,0,1
519,-1,29,0,0
722,3,85,6,0
151,6,11,9,0
53,-1,81,2,1
675,-1,71,1,0
685,28,75,1,0
438,5,0,0,0
135,6,11,9,1
496,5,34,0,1
192,10,41,11,1
583,8,18,1,0
588,8,1,1,1
488,11,21,8,0
346,0,42,3,1
362,0,72,3,0
867,4,16,7,1
151,6,11,9,1
356,0,40,3,0
290,-1,93,11,0
300,0,3,3,1
47,23,81,2,0
674,8,18,1,1
654,-1,73,5,1
209,6,30,9,1
874,4,26,7,1
633,2,25,5,0
615,-1,80,5,0
468,5,34,0,0
178,10,50,11,1
402,4,62,7,0
655,2,25,5,0
172,10,41,11,1
730,1,32,4,1
851,29,42,3,0
586,8,14,1,0
344,0,3,3,1
769,3,27,6,0
367,8,18,1,0
199,-1,90,11,1
766,1,32,4,0
710,1,10,4,0
107,-1,91,-1,1
165,10,19,11,0
849,0,42,3,0
219,6,78,9,0
690,3,5,6,0
705,1,10,4,0
884,0,13,3,0
655,2,25,5,0
480,5,29,0,0
108,-1,92,2,1
852,-1,66,7,1
464,-1,65,8,0
457,11,21,8,0
509,5,34,0,0
40,-1,89,10,0
424,5,0,0,0
339,0,3,3,0
869,0,13,3,0
382,4,96,7,0
240,6,48,9,0
342,0,13,3,1
178,10,19,11,1
696,1,10,4,1
317,-1,74,7,0
125,6,45,9,1
151,6,11,9,1
252,19,65,8,1
423,11,63,8,1
234,6,30,9,0
805,1,55,4,1
272,-1,93,11,1
524,5,9,0,0
234,6,30,9,0
743,1,88,4,0
213,6,30,9,1
403,4,74,7,0
209,6,30,9,1
389,4,33,7,0
168,-1,90,11,0
677,2,25,5,0
524,5,9,0,1
160,10,19,11,1
47,23,81,2,1
300,0,3,3,0
437,11,63,8,1
48,-1,60,2,0
818,1,10,4,1
681,8,75,1,0
520,-1,9,0,0
392,4,16,7,1
462,5,22,0,0
330,4,74,7,1
591,8,18,1,0
6,-1,61,8,0
778,1,32,4,0
316,0,51,3,1
554,-1,97,1,1
718,3,28,6,0
748,-1,27,6,1
481,19,65,8,0
815,-1,37,6,1
308,0,56,3,0
307,0,51,3,1
369,0,47,3,0
389,4,33,7,1
177,10,41,11,0
235,51,82,11,0
734,-1,49,4,0
668,2,53,5,0
443,11,39,8,1
169,10,50,11,1
543,-1,38,5,0
573,-1,38,5,0
359,0,40,3,1
840,0,47,3,1
525,5,0,0,0
816,1,10,4,0
681,8,18,1,1
840,0,47,3,0
712,1,10,4,1
344,0,3,3,0
395,4,74,7,0
352,0,40,3,1
710,1,10,4,1
174,6,11,9,1
188,10,41,11,1
45,-1,77,10,0
555,-1,64,5,0
700,3,5,6,0
312,0,40,3,0
689,6,11,9,0
671,8,18,1,0
35,-1,46,2,0
677,-1,25,5,0
295,0,3,3,1
443,11,63,8,1
902,-1,26,7,1
701,3,5,6,1
142,6,45,9,0
43,-1,60,2,1
782,3,35,6,0
822,-1,88,4,1
803,1,4,4,1
459,5,101,0,0
344,0,3,3,1
370,4,33,7,0
563,-1,75,1,0
510,5,34,0,0
444,11,39,8,1
703,3,5,6,0
464,-1,65,8,1
381,0,72,3,1
314,-1,62,7,0
593,8,24,1,0
457,11,21,8,0
337,0,13,3,0
404,-1,62,7,1
160,10,19,11,0
778,1,32,4,0
419,11,63,8,1
221,6,48,9,0
505,5,0,0,1
318,26,56,3,0
503,11,21,8,1
506,-1,83,0,0
586,8,14,1,1
778,1,4,4,0
656,2,6,5,0
115,23,12,2,0
505,5,34,0,1
854,0,13,3,0
556,-1,38,5,1
180,-1,82,11,1
127,6,45,9,1
780,3,35,6,0
641,2,25,5,0
465,21,65,8,0
636,2,6,5,1
132,-1,86,11,0
803,1,4,4,0
705,1,10,4,1
469,11,65,8,1
43,-1,60,2,1
370,4,33,7,0
51,-1,60,2,1
743,1,32,4,0
556,-1,38,5,1
459,5,101,0,1
616,-1,15,5,1
390,4,16,7,0
703,3,5,6,1
386,4,96,7,0
405,-1,17,7,1
617,8,18,1,1
714,3,28,6,1
82,-1,58,2,1
295,0,3,3,0
458,5,34,0,0
375,4,16,7,1
528,5,34,0,0
881,4,66,7,1
698,1,10,4,1
911,0,13,3,1
636,2,6,5,0
170,-1,43,11,0
139,-1,23,11,1
557,-1,73,5,1
767,-1,37,6,1
771,3,5,6,0
104,-1,12,2,0
393,4,16,7,1
397,4,17,7,1
608,8,14,1,0
377,4,96,7,0
333,0,3,3,1
459,5,101,0,0
307,0,51,3,1
474,11,61,8,1
363,4,16,7,1
424,-1,0,0,1
390,4,16,7,1
210,6,79,9,1
273,-1,94,11,1
7,-1,29,0,1
505,5,0,0,0
596,8,18,1,0
387,4,17,7,1
357,0,40,3,0
438,5,0,0,1
366,8,18,1,1
271,-1,93,11,1
376,-1,26,7,0
215,6,30,9,0
498,5,29,0,0
457,11,21,8,0
509,5,34,0,0
197,10,23,11,1
445,-1,102,8,1
507,11,70,8,1
161,10,23,11,0
209,6,30,9,1
460,11,21,8,1
513,-1,61,8,1
626,2,38,5,0
630,2,25,5,1
552,28,44,1,0
217,10,20,11,1
217,10,20,11,0
295,0,3,3,0
674,8,18,1,0
234,6,30,9,0
749,3,85,6,0
911,0,13,3,0
337,0,13,3,0
229,30,79,9,1
82,41,58,2,0
531,-1,95,5,0
52,-1,60,2,0
700,3,5,6,1
370,4,33,7,0
558,-1,53,5,0
699,1,10,4,1
551,-1,75,1,1
502,5,34,0,0
677,-1,53,5,1
696,1,10,4,1
475,11,21,8,0
176,10,19,11,0
708,3,5,6,1
826,3,37,6,0
751,1,32,4,1
792,3,5,6,1
423,11,63,8,1
387,4,17,7,1
785,31,35,6,0
165,10,19,11,0
630,2,15,5,0
371,4,17,7,1
718,3,28,6,1
423,11,63,8,0
551,-1,75,1,0
176,10,19,11,1
666,-1,53,5,0
651,2,25,5,0
392,4,33,7,1
542,20,38,5,0
479,11,8,8,0
434,5,0,0,0
826,3,37,6,0
380,4,16,7,0
423,11,63,8,0
217,10,20,11,1
784,3,35,6,1
344,0,3,3,1
738,1,54,4,0
765,3,37,6,0
369,0,47,3,0
655,2,25,5,1
48,-1,60,2,1
42,24,76,10,0
685,28,75,1,1
350,0,40,3,1
512,11,21,8,1
636,2,6,5,0
710,1,10,4,1
903,-1,56,3,1
377,4,96,7,1
174,6,11,9,0
94,-1,12,2,1
385,4,16,7,1
476,-1,8,8,0
344,0,3,3,0
630,2,6,5,1
337,0,47,3,1
494,5,34,0,0
719,3,28,6,0
502,5,34,0,1
264,19,65,8,0
38,-1,60,2,0
853,0,40,3,1
693,11,21,8,1
397,4,17,7,0
192,10,20,11,1
100,-1,12,2,0
528,5,34,0,1
129,6,45,9,1
382,-1,96,7,0
655,2,25,5,1
200,-1,43,11,1
468,5,34,0,1
179,10,23,11,1
584,8,24,1,0
840,0,47,3,1
639,8,18,1,1
321,-1,74,7,1
504,32,39,8,0
417,-1,57,8,0
26,11,70,8,0
647,2,6,5,0
128,-1,45,9,1
591,8,18,1,1
170,-1,43,11,0
840,0,47,3,1
745,1,32,4,0
111,16,76,10,0
709,1,32,4,1
207,10,93,11,0
395,4,74,7,1
160,10,19,11,1
190,6,48,9,0
698,1,10,4,1
714,3,28,6,1
10,-1,83,0,1
818,1,4,4,0
393,4,16,7,1
387,4,17,7,1
182,-1,90,11,1
509,5,34,0,0
639,8,18,1,0
849,0,42,3,1
142,6,45,9,0
730,1,49,4,1
701,3,35,6,1
792,3,35,6,0
618,-1,15,5,0
716,1,10,4,1
274,-1,31,9,1
456,5,0,0,1
617,8,14,1,0
703,3,28,6,1
339,0,40,3,1
651,2,25,5,0
638,2,15,5,0
371,4,17,7,1
406,4,74,7,0
732,-1,27,6,1
419,11,63,8,1
668,2,53,5,1
412,2,6,5,1
900,4,66,7,1
557,-1,73,5,1
854,0,13,3,1
365,2,25,5,0
474,11,61,8,0
790,3,85,6,0
705,1,10,4,0
786,3,7,6,1
468,5,34,0,1
482,5,101,0,0
502,5,34,0,0
366,8,18,1,1
827,1,55,4,1
136,14,31,9,0
333,0,3,3,0
125,6,11,9,0
134,6,45,9,1
457,11,21,8,0
407,-1,62,7,0
647,2,6,5,1
275,-1,31,9,0
176,10,19,11,0
650,2,15,5,1
693,11,61,8,0
351,0,47,3,0
458,5,34,0,1
706,3,5,6,0
135,6,11,9,0
101,24,76,10,0
643,2,6,5,0
579,2,38,5,1
633,2,25,5,0
735,3,27,6,1
611,-1,97,1,0
426,5,0,0,1
674,8,18,1,1
424,5,0,0,1
502,5,34,0,0
457,11,21,8,0
457,11,21,8,0
188,10,19,11,0
626,2,38,5,1
740,-1,85,6,1
435,-1,61,8,0
408,-1,74,7,1
224,10,20,11,0
643,2,6,5,1
841,11,8,8,1
543,-1,38,5,0
559,-1,97,1,1
380,4,16,7,0
904,-1,104,7,0
763,3,85,6,0
854,0,40,3,0
705,1,10,4,0
389,4,33,7,1
53,-1,60,2,1
493,5,0,0,1
437,-1,57,8,1
575,2,38,5,1
658,2,15,5,0
142,6,45,9,1
355,0,40,3,1
389,4,33,7,1
200,-1,43,11,0
395,4,74,7,1
607,-1,24,1,1
905,-1,42,3,1
712,1,10,4,1
222,6,78,9,1
805,1,55,4,0
380,4,16,7,0
383,0,40,3,0
664,8,75,1,1
350,0,40,3,0
332,-1,67,3,0
856,0,42,3,0
735,3,27,6,1
461,5,101,0,1
362,0,72,3,1
143,6,45,9,0
735,3,27,6,1
635,8,14,1,1
617,8,18,1,0
475,11,21,8,1
446,5,0,0,1
619,-1,97,1,1
468,5,34,0,1
639,8,18,1,0
460,11,21,8,0
636,2,6,5,0
495,11,39,8,0
642,2,6,5,0
505,5,34,0,0
313,0,3,3,0
213,6,11,9,0
856,0,42,3,0
136,14,31,9,1
508,11,61,8,0
11,11,70,8,0
629,8,18,1,1
409,4,74,7,1
761,3,5,6,0
867,4,26,7,0
213,6,30,9,1
266,-1,8,8,1
272,-1,93,11,1
849,0,42,3,0
814,1,4,4,0
447,-1,57,8,0
906,-1,42,3,0
319,0,42,3,0
787,3,7,6,0
850,-1,66,7,1
276,-1,31,9,0
134,6,45,9,0
496,5,34,0,0
147,-1,86,11,1
307,0,51,3,1
826,3,37,6,1
163,-1,29,0,1
688,1,10,4,0
188,10,19,11,0
700,3,5,6,0
115,23,81,2,0
317,-1,74,7,1
600,8,68,1,0
583,8,18,1,0
816,1,10,4,1
525,5,22,0,1
670,8,18,1,1
820,-1,55,4,1
614,2,15,5,0
834,-1,28,6,0
867,4,26,7,1
398,4,33,7,1
641,2,25,5,1
788,-1,4,4,1
357,0,47,3,0
9,-1,70,8,0
769,3,37,6,1
797,-1,35,6,1
827,1,55,4,1
385,4,16,7,0
12,-1,9,0,0
333,0,3,3,0
259,14,31,9,1
505,5,34,0,1
852,-1,66,7,1
543,-1,36,5,0
592,8,75,1,0
376,4,26,7,0
702,3,5,6,1
807,-1,55,4,1
475,11,63,8,1
446,5,0,0,0
458,5,34,0,0
190,6,48,9,0
473,11,21,8,1
702,3,5,6,1
678,-1,97,1,1
494,5,34,0,1
524,5,9,0,1
870,5,34,0,1
337,0,13,3,0
603,-1,68,1,0
869,0,13,3,1
607,-1,24,1,0
469,11,65,8,1
696,1,10,4,1
790,3,85,6,0
638,2,15,5,0
474,11,8,8,1
277,43,31,9,0
629,8,18,1,0
750,-1,49,4,0
175,-1,23,11,0
483,11,61,8,1
730,1,32,4,1
369,0,47,3,1
109,-1,59,10,0
656,2,6,5,1
406,4,74,7,0
620,-1,68,1,1
765,3,37,6,1
524,5,9,0,0
320,17,67,3,1
617,8,14,1,0
475,11,21,8,0
610,8,14,1,0
321,-1,74,7,0
639,8,18,1,1
333,0,3,3,0
160,10,19,11,1
524,5,9,0,0
434,5,0,0,0
377,4,96,7,1
422,-1,57,8,0
322,-1,98,3,0
494,5,34,0,0
116,53,59,10,1
869,0,13,3,1
293,-1,31,9,1
655,2,25,5,1
236,6,11,9,1
426,5,0,0,0
680,48,73,5,0
377,4,96,7,1
705,1,10,4,0
633,2,25,5,1
385,4,16,7,1
356,0,40,3,1
808,1,55,4,1
341,4,16,7,0
36,-1,81,2,1
656,2,6,5,0
546,-1,64,5,1
518,11,39,8,1
363,4,16,7,0
636,2,6,5,1
785,31,35,6,1
710,1,10,4,1
775,3,7,6,0
176,10,19,11,0
85,-1,58,2,0
574,8,24,1,0
579,2,38,5,0
519,5,29,0,1
167,10,41,11,0
137,6,11,9,1
54,-1,87,10,0
363,4,16,7,0
579,2,38,5,0
315,13,51,3,1
173,10,23,11,0
188,10,19,11,0
100,46,81,2,0
650,2,15,5,0
220,10,50,11,1
426,5,0,0,1
484,-1,29,0,1
639,8,18,1,1
499,5,29,0,1
719,3,28,6,1
386,4,33,7,1
288,-1,48,9,1
461,5,101,0,0
828,-1,55,4,1
792,3,5,6,0
809,-1,54,4,0
840,0,47,3,0
537,-1,64,5,0
139,-1,86,11,0
255,33,71,1,1
165,10,19,11,1
790,3,85,6,1
708,3,5,6,1
633,2,25,5,1
584,8,24,1,0
137,6,11,9,0
814,-1,4,4,1
417,-1,57,8,1
410,4,17,7,1
485,-1,65,8,0
739,1,54,4,0
845,1,4,4,0
493,5,0,0,0
141,-1,78,9,1
586,8,14,1,1
7,-1,29,0,0
875,10,20,11,0
237,6,48,9,0
110,-1,12,2,0
819,-1,28,6,1
10,45,83,0,1
902,-1,26,7,0
896,4,26,7,1
628,2,73,5,0
827,1,55,4,0
364,8,18,1,1
639,8,18,1,1
496,5,34,0,0
377,4,96,7,1
616,-1,15,5,1
144,-1,82,11,0
771,3,5,6,1
438,5,0,0,0
642,2,38,5,1
790,3,85,6,0
304,0,56,3,0
177,10,19,11,0
300,0,3,3,1
448,5,0,0,1
177,10,41,11,0
700,3,5,6,0
406,4,74,7,1
881,4,96,7,0
508,11,61,8,1
188,10,50,11,1
237,6,48,9,1
808,1,55,4,0
653,2,15,5,0
201,10,50,11,1
911,0,13,3,0
375,4,16,7,0
8,11,61,8,0
212,6,30,9,1
52,-1,60,2,1
176,10,19,11,1
300,0,3,3,1
213,6,11,9,1
688,1,10,4,1
805,1,10,4,1
464,-1,65,8,1
218,6,11,9,0
199,-1,90,11,0
388,4,16,7,0
380,4,16,7,0
643,2,6,5,0
827,-1,54,4,0
281,-1,48,9,0
105,34,76,10,0
598,8,18,1,0
11,-1,70,8,1
706,3,5,6,0
676,-1,53,5,0
412,2,6,5,1
620,-1,24,1,1
805,1,54,4,0
80,-1,69,10,1
148,6,11,9,0
664,8,1,1,0
743,1,88,4,1
746,-1,28,6,1
494,5,34,0,1
502,5,34,0,1
706,3,5,6,0
396,4,105,7,1
386,4,33,7,1
689,6,11,9,0
323,-1,51,3,0
202,-1,90,11,1
579,2,38,5,1
829,-1,99,6,0
160,10,19,11,0
470,11,21,8,0
401,4,105,7,0
772,1,10,4,1
894,0,13,3,0
154,6,11,9,0
8,11,61,8,1
390,4,33,7,0
165,10,19,11,0
761,3,5,6,1
370,4,33,7,0
278,-1,71,1,1
397,4,17,7,1
494,5,34,0,0
870,5,34,0,0
438,5,0,0,1
279,6,48,9,0
735,3,27,6,0
875,10,20,11,0
313,0,51,3,0
720,1,10,4,1
324,-1,74,7,1
472,-1,101,0,1
505,5,0,0,0
259,14,31,9,0
560,-1,64,5,0
335,0,72,3,0
591,8,18,1,0
555,-1,64,5,1
338,-1,67,3,1
767,-1,37,6,1
215,6,30,9,0
700,3,5,6,1
36,-1,81,2,0
599,-1,24,1,0
707,1,4,4,1
141,6,78,9,1
295,0,56,3,0
178,10,43,11,0
479,11,8,8,0
116,-1,69,10,1
656,2,6,5,1
351,0,47,3,1
875,10,20,11,1
559,-1,97,1,0
701,3,5,6,0
708,3,5,6,1
148,6,11,9,1
333,0,3,3,1
13,-1,61,8,1
770,1,4,4,1
375,4,16,7,1
735,3,85,6,0
280,-1,17,7,0
549,-1,75,1,1
675,-1,71,1,0
385,4,33,7,0
428,52,57,8,0
538,-1,64,5,0
14,-1,102,8,0
0,5,9,0,0
855,-1,42,3,0
486,11,61,8,0
827,1,4,4,1
724,-1,28,6,0
374,0,47,3,1
591,8,18,1,1
362,0,72,3,1
137,6,11,9,1
784,3,35,6,0
714,3,28,6,0
358,0,47,3,0
749,-1,85,6,0
475,11,63,8,0
875,10,20,11,0
15,11,61,8,0
16,35,29,0,0
348,0,40,3,1
624,8,68,1,1
600,8,68,1,0
435,-1,57,8,0
325,-1,67,3,0
365,2,25,5,1
192,10,41,11,0
1,-1,9,0,0
830,-1,100,6,0
635,8,18,1,0
351,0,47,3,0
169,10,50,11,0
167,10,41,11,0
561,-1,73,5,0
463,11,21,8,0
10,45,83,0,0
460,11,21,8,1
651,2,25,5,0
378,5,9,0,0
336,0,40,3,0
844,1,32,4,1
636,2,6,5,0
46,-1,81,2,1
730,1,32,4,1
455,5,22,0,1
851,29,42,3,0
349,0,72,3,0
651,2,25,5,1
831,-1,37,6,0
389,4,33,7,1
700,3,5,6,0
281,25,48,9,0
574,8,24,1,1
278,-1,71,1,1
313,0,3,3,0
731,-1,32,4,1
901,-1,104,7,0
871,8,1,1,1
706,3,85,6,1
346,0,42,3,1
460,11,21,8,0
209,6,30,9,0
611,-1,97,1,0
55,-1,81,2,1
400,4,105,7,1
735,3,27,6,0
124,-1,59,10,0
770,1,4,4,0
417,-1,57,8,0
337,0,13,3,0
721,3,28,6,0
460,11,21,8,1
281,-1,48,9,0
142,6,45,9,1
653,2,15,5,1
141,-1,78,9,0
505,5,0,0,0
775,3,7,6,0
333,0,3,3,1
523,5,9,0,1
336,0,40,3,1
596,8,18,1,0
503,11,21,8,0
619,-1,68,1,1
751,1,54,4,1
71,36,2,10,0
651,2,25,5,0
674,8,18,1,1
111,16,76,10,0
202,-1,90,11,0
803,1,4,4,1
8,11,61,8,1
663,8,75,1,1
132,-1,86,11,1
358,0,47,3,1
699,1,10,4,0
752,-1,85,6,0
312,-1,56,3,0
256,11,65,8,1
176,10,19,11,0
457,11,21,8,0
707,1,4,4,0
460,11,21,8,1
315,13,51,3,0
443,11,63,8,1
636,2,6,5,0
617,8,14,1,0
524,5,9,0,1
218,6,11,9,0
358,0,47,3,0
767,-1,37,6,1
867,4,26,7,1
426,5,0,0,1
716,1,10,4,1
804,-1,88,4,0
423,11,63,8,0
816,1,10,4,0
320,17,67,3,0
357,0,47,3,1
145,6,11,9,1
583,8,1,1,1
596,8,18,1,0
866,-1,1,1,0
655,2,25,5,0
146,6,11,9,1
763,3,85,6,1
548,-1,44,1,1
690,3,5,6,0
708,3,5,6,1
537,37,64,5,0
359,0,40,3,0
717,3,5,6,1
230,6,48,9,0
426,5,0,0,1
784,3,35,6,1
448,5,0,0,0
77,38,69,10,0
753,-1,85,6,0
710,1,10,4,1
112,-1,92,2,0
179,10,23,11,0
635,8,18,1,1
642,2,6,5,1
161,10,23,11,0
177,10,19,11,0
818,1,4,4,1
518,11,39,8,1
220,10,50,11,0
177,10,19,11,1
741,1,49,4,0
780,3,35,6,1
487,-1,101,0,1
177,10,41,11,1
661,39,75,1,0
104,23,12,2,0
791,-1,88,4,0
443,11,63,8,0
849,0,42,3,0
663,8,18,1,1
330,4,74,7,1
351,0,47,3,1
636,2,6,5,1
201,10,50,11,0
110,-1,12,2,1
655,2,25,5,1
457,11,21,8,1
395,4,74,7,0
95,-1,52,10,0
339,0,47,3,1
745,1,32,4,1
427,40,22,0,0
562,-1,95,5,1
185,-1,93,11,0
760,-1,27,6,0
775,3,7,6,1
86,-1,46,2,1
40,-1,89,10,0
713,3,5,6,1
350,0,40,3,0
631,8,14,1,1
129,6,45,9,0
410,4,17,7,1
784,3,35,6,0
655,2,25,5,1
333,0,3,3,0
610,8,24,1,1
147,-1,86,11,0
385,4,16,7,0
485,-1,65,8,1
639,8,18,1,1
792,3,35,6,0
385,4,16,7,0
470,11,21,8,0
72,44,69,10,0
878,-1,26,7,1
201,10,41,11,0
176,10,19,11,0
223,15,30,9,0
720,1,10,4,0
732,-1,27,6,0
498,5,34,0,1
907,4,105,7,1
188,10,50,11,0
869,0,13,3,0
300,0,3,3,0
133,-1,78,9,1
460,11,21,8,1
621,-1,36,5,0
634,2,6,5,0
105,-1,76,10,0
377,4,96,7,0
324,4,74,7,0
832,-1,99,6,0
867,4,26,7,0
587,-1,1,1,0
361,0,40,3,0
688,1,10,4,1
148,6,45,9,0
169,10,50,11,0
342,0,47,3,1
56,-1,77,10,0
797,3,35,6,0
655,2,25,5,0
463,11,21,8,1
397,4,33,7,0
908,-1,104,7,1
342,0,13,3,0
473,11,21,8,0
556,-1,38,5,1
238,-1,30,9,0
754,-1,49,4,0
617,8,18,1,1
170,-1,43,11,0
471,11,8,8,0
45,-1,77,10,1
422,-1,57,8,1
647,2,6,5,0
819,-1,28,6,1
434,5,0,0,1
237,6,48,9,0
493,5,0,0,1
190,6,48,9,0
639,8,18,1,0
493,5,0,0,1
192,10,41,11,0
884,0,13,3,1
318,26,56,3,1
708,3,5,6,0
879,11,21,8,0
527,5,29,0,1
697,3,5,6,1
385,4,16,7,0
818,1,10,4,1
87,-1,46,2,1
351,0,47,3,1
655,2,6,5,1
406,4,74,7,1
697,3,5,6,0
104,-1,12,2,1
713,3,5,6,0
907,4,26,7,0
339,0,3,3,1
133,-1,103,9,0
540,-1,64,5,1
639,8,18,1,0
516,5,0,0,1
593,8,18,1,1
410,4,17,7,0
712,-1,54,4,0
481,19,65,8,1
358,0,47,3,0
736,3,37,6,1
699,1,10,4,0
637,2,15,5,0
749,3,85,6,0
874,4,26,7,0
585,8,1,1,1
902,-1,26,7,0
704,3,5,6,0
167,10,41,11,1
119,41,58,2,0
333,0,3,3,0
709,1,32,4,0
36,-1,81,2,1
386,4,96,7,1
671,8,18,1,0
304,0,56,3,0
442,-1,57,8,0
135,6,11,9,0
833,-1,55,4,0
496,5,34,0,1
840,0,47,3,1
639,8,18,1,1
525,5,34,0,0
373,4,33,7,0
410,4,17,7,0
496,5,34,0,0
802,1,4,4,1
142,6,45,9,0
398,4,33,7,1
470,11,63,8,0
219,6,30,9,0
412,2,6,5,0
473,11,21,8,0
325,0,51,3,1
704,3,5,6,1
149,6,45,9,1
749,3,85,6,1
234,6,30,9,0
647,2,6,5,1
475,11,63,8,0
593,8,1,1,1
127,6,45,9,0
747,-1,88,4,0
502,5,34,0,0
656,2,6,5,0
430,-1,83,0,1
577,-1,24,1,0
166,6,48,9,0
643,2,6,5,0
261,25,48,9,1
806,42,37,6,1
366,8,18,1,0
18,5,29,0,1
840,0,47,3,0
134,6,45,9,1
721,3,28,6,0
473,11,21,8,0
826,3,37,6,0
604,8,14,1,0
696,1,10,4,0
697,3,5,6,1
16,35,29,0,1
653,2,15,5,1
188,10,19,11,1
160,10,19,11,0
113,-1,58,2,0
496,5,34,0,1
19,11,8,8,1
784,3,35,6,1
341,4,105,7,0
479,11,8,8,1
77,38,69,10,1
474,11,8,8,0
641,2,25,5,1
190,6,48,9,1
43,-1,60,2,0
509,5,34,0,1
105,34,76,10,0
380,4,16,7,0
151,6,11,9,0
424,5,0,0,1
720,1,10,4,1
637,27,15,5,1
496,5,34,0,1
493,5,0,0,1
337,0,13,3,1
296,4,105,7,0
125,6,11,9,0
63,55,76,10,1
600,8,68,1,1
860,4,96,7,1
411,4,33,7,0
607,8,24,1,0
161,10,23,11,0
636,2,6,5,0
721,3,28,6,1
736,-1,27,6,0
364,8,18,1,1
145,6,11,9,1
385,4,16,7,1
710,1,10,4,0
507,11,70,8,0
846,-1,67,3,0
563,-1,75,1,1
463,11,21,8,1
239,-1,82,11,0
480,5,101,0,0
228,-1,30,9,1
159,9,93,11,1
429,-1,22,0,1
588,-1,1,1,1
118,-1,59,10,0
512,11,21,8,0
874,4,26,7,1
701,3,5,6,0
422,-1,57,8,0
176,10,19,11,0
380,4,16,7,1
631,8,14,1,0
594,8,14,1,1
363,4,16,7,1
579,2,38,5,1
496,5,34,0,0
296,4,26,7,0
45,-1,77,10,1
179,10,23,11,0
197,10,19,11,0
608,8,14,1,1
224,10,20,11,0
160,10,19,11,1
172,10,41,11,0
537,37,64,5,1
244,10,20,11,0
721,3,28,6,1
338,-1,67,3,0
150,-1,103,9,0
226,-1,79,9,0
473,11,21,8,1
493,5,0,0,1
493,5,0,0,1
720,1,10,4,0
647,2,6,5,0
884,0,13,3,0
501,5,9,0,0
42,16,76,10,0
57,-1,89,-1,1
698,1,10,4,1
388,4,16,7,0
243,-1,79,9,1
385,4,16,7,0
145,6,11,9,0
295,0,3,3,1
313,0,51,3,0
440,11,63,8,1
171,-1,86,11,0
143,6,45,9,0
510,5,9,0,1
352,0,40,3,0
818,1,4,4,0
188,10,19,11,1
503,11,21,8,1
651,2,25,5,1
463,11,21,8,0
657,-1,38,5,1
151,6,11,9,0
162,10,41,11,1
542,20,38,5,0
587,-1,1,1,0
524,5,9,0,1
333,0,3,3,1
805,1,10,4,1
282,10,93,11,1
696,1,10,4,1
453,-1,57,8,0
776,1,4,4,1
780,3,35,6,1
277,43,31,9,1
283,-1,94,11,1
392,4,96,7,0
300,0,3,3,1
334,0,40,3,1
221,6,48,9,0
313,0,3,3,0
595,-1,36,5,1
477,-1,22,0,1
690,3,5,6,1
440,-1,57,8,1
72,44,69,10,0
691,11,21,8,1
389,4,33,7,0
220,10,50,11,0
708,3,5,6,0
215,6,30,9,0
223,15,30,9,0
639,8,18,1,1
469,11,21,8,0
221,6,48,9,0
286,-1,48,9,0
719,3,28,6,1
480,5,29,0,1
427,5,0,0,0
401,4,105,7,1
755,-1,27,6,0
145,6,11,9,1
652,2,15,5,0
160,10,19,11,1
58,-1,77,10,1
642,2,38,5,1
375,4,16,7,0
114,-1,59,10,0
284,6,48,9,0
447,-1,57,8,0
652,2,15,5,1
776,1,4,4,1
509,5,34,0,1
341,4,16,7,1
265,-1,65,8,0
458,5,34,0,0
342,0,13,3,1
456,5,0,0,0
115,23,81,2,1
443,11,63,8,1
77,38,69,10,0
19,11,8,8,1
708,3,5,6,1
762,1,54,4,0
151,6,11,9,0
488,11,21,8,1
909,4,26,7,1
300,0,3,3,1
460,11,21,8,1
365,2,25,5,1
576,4,105,7,0
76,41,58,2,0
15,-1,61,8,0
276,-1,31,9,0
333,0,3,3,1
590,8,24,1,1
264,19,65,8,0
295,0,3,3,0
195,10,23,11,1
502,5,34,0,0
360,-1,67,3,0
388,4,16,7,0
743,-1,32,4,1
696,1,10,4,0
13,-1,8,8,0
488,11,21,8,0
658,2,15,5,1
474,11,61,8,1
303,-1,56,3,0
789,-1,35,6,0
815,-1,100,6,1
524,5,9,0,1
365,2,25,5,0
137,6,11,9,0
349,0,72,3,1
363,4,16,7,1
188,10,19,11,0
505,5,0,0,1
661,39,75,1,1
1,-1,9,0,0
564,-1,64,5,0
679,33,71,1,1
50,-1,58,2,0
423,11,63,8,1
784,3,35,6,0
34,5,9,0,1
235,51,82,11,1
806,42,37,6,1
470,11,63,8,0
333,0,3,3,0
306,47,74,7,1
635,8,14,1,0
698,1,32,4,0
368,2,25,5,0
385,4,16,7,0
366,8,18,1,0
34,5,9,0,0
333,0,3,3,1
473,11,63,8,0
838,-1,28,6,1
179,10,23,11,1
365,2,25,5,0
203,9,43,11,1
398,4,33,7,0
333,0,3,3,1
385,4,16,7,1
475,11,21,8,0
11,-1,70,8,0
495,11,39,8,1
240,6,48,9,1
736,3,27,6,0
477,5,22,0,1
767,-1,37,6,0
339,0,3,3,1
561,54,80,5,0
696,1,10,4,0
335,0,40,3,0
691,11,21,8,0
188,10,50,11,0
525,5,0,0,1
406,4,74,7,0
869,0,13,3,1
502,5,34,0,0
458,5,34,0,0
461,5,101,0,0
468,5,0,0,1
116,53,59,10,1
325,-1,56,3,0
188,10,41,11,0
584,8,1,1,1
11,11,70,8,1
352,0,40,3,0
105,34,76,10,1
586,8,14,1,0
474,11,8,8,0
465,19,65,8,0
358,0,47,3,1
3,1,88,4,0
110,-1,12,2,0
782,3,35,6,0
388,4,16,7,1
757,-1,85,6,0
209,6,30,9,1
718,3,28,6,0
38,-1,60,2,0
697,3,5,6,1
299,0,56,3,0
868,6,30,9,0
350,0,40,3,0
608,8,14,1,0
703,3,28,6,1
117,-1,92,2,1
424,5,0,0,1
849,0,42,3,1
460,11,21,8,1
537,-1,53,5,0
307,0,51,3,0
706,3,5,6,1
388,4,16,7,0
411,4,105,7,1
279,6,48,9,1
334,0,40,3,0
449,-1,0,0,0
674,8,18,1,1
690,3,5,6,1
680,-1,73,5,0
179,10,23,11,1
670,8,18,1,1
489,-1,57,8,0
213,6,11,9,0
178,10,50,11,1
629,8,18,1,1
179,10,41,11,0
735,3,85,6,0
495,11,63,8,0
653,2,15,5,1
132,10,23,11,0
385,4,16,7,0
154,6,48,9,1
834,3,28,6,1
496,5,34,0,1
463,11,21,8,0
118,-1,59,10,0
209,6,30,9,1
658,2,15,5,0
98,-1,76,10,1
373,4,33,7,1
793,-1,7,6,1
154,6,11,9,0
628,2,73,5,1
176,10,19,11,1
658,2,15,5,0
388,4,16,7,0
679,33,71,1,1
198,-1,86,11,1
663,8,75,1,0
160,10,19,11,1
217,10,20,11,1
651,2,25,5,1
862,0,42,3,1
750,-1,49,4,0
509,5,34,0,1
389,4,33,7,0
119,41,58,2,0
583,8,1,1,0
512,11,70,8,1
701,3,5,6,0
169,10,50,11,1
636,2,6,5,1
614,2,15,5,1
701,3,5,6,0
496,5,34,0,1
795,-1,35,6,0
640,-1,80,5,1
803,1,4,4,1
782,3,35,6,1
480,5,101,0,0
217,10,20,11,0
183,-1,23,11,1
135,6,11,9,1
42,16,76,10,0
509,5,34,0,1
459,5,101,0,0
20,11,61,8,0
620,-1,24,1,1
854,0,13,3,1
485,-1,65,8,1
473,11,21,8,1
636,2,6,5,0
639,8,18,1,0
373,4,33,7,0
155,14,31,9,0
808,1,55,4,1
709,1,32,4,0
164,-1,86,11,1
776,1,4,4,0
1,-1,9,0,0
671,8,18,1,1
765,3,37,6,1
203,9,93,11,0
21,-1,83,0,0
133,-1,78,9,0
355,0,47,3,1
748,3,27,6,0
337,0,13,3,1
59,23,81,2,0
340,17,67,3,1
696,1,10,4,1
395,4,74,7,1
689,6,11,9,0
368,2,25,5,1
729,1,32,4,1
707,1,10,4,0
385,4,16,7,0
688,1,10,4,0
174,6,11,9,1
596,8,18,1,0
705,1,10,4,1
851,29,42,3,0
22,-1,102,8,0
342,0,13,3,1
86,-1,81,2,0
566,-1,95,5,0
177,10,41,11,0
219,6,30,9,1
39,-1,87,10,1
874,4,26,7,0
515,-1,9,0,1
765,-1,37,6,0
190,6,48,9,1
592,8,75,1,0
537,37,64,5,0
159,9,43,11,1
756,-1,7,6,0
363,4,16,7,0
592,28,75,1,0
633,2,25,5,0
386,4,96,7,1
298,4,104,7,0
757,12,7,6,0
178,10,50,11,0
234,6,30,9,0
234,6,30,9,1
469,11,21,8,0
908,-1,104,7,1
389,4,33,7,0
188,10,19,11,0
350,0,40,3,0
175,-1,82,11,0
381,0,72,3,0
274,14,31,9,0
134,6,45,9,0
507,11,70,8,1
357,0,47,3,0
771,3,5,6,1
227,10,20,11,0
23,-1,70,8,1
597,-1,1,1,0
743,1,88,4,1
574,8,24,1,0
835,-1,55,4,0
390,4,33,7,1
681,8,18,1,1
308,-1,56,3,1
337,0,13,3,0
503,11,21,8,1
611,-1,97,1,0
480,5,101,0,1
705,1,10,4,1
344,0,3,3,1
847,4,96,7,0
228,6,30,9,1
670,8,18,1,0
218,6,11,9,0
593,8,1,1,0
433,-1,83,0,0
796,3,35,6,1
716,1,10,4,1
304,0,56,3,0
512,11,21,8,0
485,-1,65,8,0
650,2,38,5,1
671,8,18,1,1
671,8,14,1,1
369,0,47,3,0
593,8,1,1,1
230,6,48,9,1
277,43,31,9,1
721,3,28,6,1
678,-1,97,1,0
402,4,17,7,1
212,15,30,9,0
241,-1,84,11,0
911,0,13,3,1
777,-1,7,6,0
537,37,64,5,1
610,8,14,1,0
739,1,54,4,1
304,0,56,3,1
195,-1,23,11,0
910,-1,56,3,0
332,0,51,3,1
771,3,5,6,1
285,-1,79,9,1
589,8,14,1,0
146,6,11,9,1
537,37,64,5,0
298,4,105,7,1
671,8,18,1,1
526,5,83,0,0
333,0,3,3,0
753,3,85,6,1
326,-1,67,3,1
240,6,48,9,1
911,0,13,3,1
657,2,38,5,0
358,0,47,3,1
458,5,34,0,0
473,11,21,8,0
763,3,85,6,0
446,5,0,0,0
826,3,37,6,0
206,10,19,11,1
86,-1,46,2,0
178,10,50,11,1
60,-1,77,10,1
76,-1,81,2,1
696,1,32,4,0
494,5,34,0,0
13,-1,8,8,1
161,10,23,11,1
443,11,63,8,0
334,0,40,3,1
206,10,19,11,1
304,0,56,3,1
670,8,18,1,1
227,10,20,11,1
703,3,5,6,1
690,3,5,6,0
633,2,25,5,0
85,-1,58,2,1
152,-1,82,11,0
195,10,23,11,0
509,5,34,0,1
674,8,18,1,0
361,0,72,3,1
2,-1,13,3,1
151,6,11,9,1
307,0,51,3,1
137,6,11,9,0
339,0,3,3,0
151,6,11,9,1
543,-1,36,5,1
707,1,4,4,0
658,2,15,5,0
794,-1,7,6,1
567,-1,1,1,0
900,4,66,7,0
703,3,5,6,0
636,2,6,5,1
668,2,53,5,0
578,8,1,1,1
655,2,25,5,1
172,10,41,11,0
61,-1,60,2,1
458,5,34,0,0
457,11,21,8,0
372,6,11,9,0
412,2,6,5,0
696,1,10,4,0
682,-1,71,1,0
761,3,37,6,0
143,6,45,9,0
583,8,18,1,1
657,20,38,5,0
441,11,63,8,1
219,6,30,9,1
596,8,18,1,1
700,3,5,6,1
10,45,83,0,0
468,5,34,0,0
419,11,63,8,0
23,-1,70,8,0
819,-1,28,6,1
585,-1,24,1,0
284,6,48,9,1
658,2,15,5,1
167,10,41,11,1
99,-1,52,10,0
370,4,33,7,0
62,-1,60,2,1
720,1,10,4,1
708,3,5,6,0
527,5,29,0,0
707,1,4,4,0
337,0,47,3,1
708,3,5,6,1
337,0,13,3,1
698,1,10,4,0
658,2,15,5,1
591,8,18,1,0
710,1,10,4,1
546,-1,64,5,1
644,2,73,5,0
527,5,29,0,0
151,6,11,9,0
718,3,28,6,0
679,33,71,1,0
371,4,17,7,1
636,2,6,5,1
146,6,11,9,0
143,6,45,9,1
663,8,18,1,0
688,1,10,4,1
189,10,23,11,1
392,4,16,7,0
392,4,16,7,1
753,3,85,6,0
639,8,18,1,0
8,11,61,8,0
802,1,55,4,0
295,0,3,3,1
482,5,101,0,1
371,4,33,7,0
707,1,10,4,1
683,-1,75,1,1
443,11,63,8,1
286,-1,48,9,1
333,0,3,3,1
410,4,17,7,0
153,-1,45,9,1
459,5,101,0,0
741,-1,49,4,0
434,5,0,0,0
143,6,45,9,0
512,11,63,8,1
526,5,22,0,0
100,46,81,2,1
579,2,38,5,0
367,8,18,1,0
188,10,50,11,1
608,8,14,1,1
167,10,41,11,0
607,8,24,1,1
771,3,5,6,1
730,1,32,4,0
702,3,5,6,1
313,0,3,3,1
596,8,18,1,0
503,11,21,8,0
341,4,16,7,1
654,27,15,5,0
640,54,80,5,0
344,0,3,3,0
388,4,16,7,0
137,6,11,9,0
370,4,33,7,0
506,-1,83,0,0
230,6,48,9,0
795,-1,35,6,1
435,-1,57,8,0
377,4,96,7,0
909,4,16,7,1
160,10,19,11,0
60,-1,89,10,0
460,11,21,8,1
392,4,33,7,1
494,5,34,0,1
213,6,30,9,1
716,1,10,4,0
754,1,88,4,0
656,2,6,5,0
901,-1,104,7,1
101,24,76,10,1
344,0,3,3,1
590,8,24,1,1
591,8,18,1,1
346,29,42,3,1
695,11,39,8,1
714,3,28,6,1
206,10,19,11,1
43,-1,60,2,0
450,5,0,0,1
337,0,47,3,1
234,6,30,9,0
763,3,5,6,1
474,11,21,8,1
704,3,5,6,1
172,10,41,11,1
717,3,5,6,0
340,17,67,3,1
470,11,21,8,0
568,-1,36,5,1
544,-1,80,5,0
705,1,10,4,1
115,23,81,2,0
630,2,15,5,1
285,-1,48,9,0
707,1,4,4,0
608,8,14,1,1
787,3,7,6,0
457,11,21,8,0
186,-1,43,11,0
682,8,14,1,0
816,1,10,4,0
512,11,70,8,0
878,-1,26,7,1
182,10,90,11,1
142,6,31,9,1
857,-1,98,3,0
647,2,6,5,0
395,4,74,7,0
636,2,6,5,1
134,6,45,9,1
902,-1,26,7,1
113,-1,58,2,1
758,-1,27,6,1
242,-1,79,9,1
704,3,5,6,1
547,-1,1,1,0
773,3,7,6,0
10,45,83,0,0
185,9,93,11,0
352,0,40,3,0
14,-1,102,8,0
410,4,17,7,1
419,11,63,8,0
16,35,9,0,0
63,-1,76,10,0
670,8,18,1,0
761,3,5,6,1
339,0,40,3,1
160,10,19,11,0
814,1,4,4,0
534,-1,64,5,1
738,-1,54,4,1
505,5,0,0,1
738,1,54,4,1
120,-1,59,10,1
319,0,42,3,1
99,-1,52,10,1
310,47,74,7,0
656,2,6,5,1
84,55,76,10,0
816,1,54,4,0
236,6,11,9,1
42,16,76,10,0
911,0,13,3,0
258,6,48,9,1
676,-1,53,5,0
94,-1,12,2,0
380,4,16,7,1
753,3,85,6,1
226,-1,79,9,0
676,-1,53,5,1
680,-1,73,5,0
778,1,4,4,1
598,8,18,1,0
23,-1,70,8,0
444,11,39,8,0
234,6,30,9,0
206,10,19,11,1
284,6,48,9,1
700,3,5,6,0
377,4,96,7,0
300,0,3,3,1
287,-1,31,9,0
720,1,10,4,0
469,11,65,8,0
334,0,40,3,0
463,11,21,8,0
359,0,42,3,1
325,-1,56,3,0
139,-1,23,11,0
174,6,11,9,1
475,11,21,8,0
815,-1,37,6,0
76,-1,46,2,1
636,2,6,5,0
716,1,10,4,0
634,2,38,5,0
24,-1,29,0,0
524,5,9,0,1
162,10,41,11,0
526,5,9,0,1
672,8,71,1,0
411,4,105,7,0
169,10,50,11,1
288,-1,48,9,0
129,6,45,9,1
618,-1,15,5,1
75,-1,46,2,0
336,0,40,3,0
604,8,14,1,0
827,1,4,4,1
333,0,3,3,1
680,48,73,5,0
647,2,6,5,0
441,11,63,8,1
398,4,33,7,0
472,-1,101,0,1
339,0,13,3,0
800,-1,88,4,1
496,5,34,0,0
142,6,31,9,0
674,8,18,1,1
856,0,42,3,0
570,-1,53,5,1
579,2,38,5,0
716,1,10,4,0
480,5,29,0,1
653,2,15,5,1
147,-1,86,11,1
356,0,40,3,1
180,-1,20,11,0
373,4,33,7,1
355,0,47,3,0
585,8,1,1,1
215,6,30,9,0
577,-1,24,1,1
110,-1,12,2,0
611,-1,97,1,1
678,-1,71,1,1
569,-1,95,1,0
617,8,14,1,0
304,0,56,3,1
490,5,101,0,1
636,2,6,5,1
239,-1,82,11,1
638,2,6,5,0
181,6,11,9,1
469,11,65,8,1
643,2,6,5,0
403,4,74,7,1
471,11,61,8,0
652,2,15,5,1
583,8,1,1,1
606,2,15,5,0
310,47,74,7,1
350,0,40,3,0
598,8,14,1,0
730,1,49,4,0
160,10,19,11,1
708,3,5,6,0
396,4,105,7,1
726,-1,49,4,0
608,8,14,1,1
707,1,10,4,1
327,4,105,7,1
87,-1,46,2,1
215,6,30,9,0
187,-1,43,11,1
462,5,22,0,1
162,10,23,11,1
585,8,24,1,1
224,10,41,11,1
165,10,19,11,0
295,0,3,3,1
145,6,45,9,0
486,11,61,8,0
25,49,83,0,1
398,4,33,7,0
705,1,10,4,0
352,0,40,3,1
679,33,71,1,1
674,8,18,1,0
502,5,34,0,1
315,13,51,3,1
818,1,10,4,0
219,6,30,9,1
779,-1,7,6,1
668,2,25,5,1
11,-1,70,8,0
503,11,21,8,0
314,-1,62,7,1
25,49,83,0,0
629,8,18,1,1
334,0,40,3,1
609,-1,97,1,0
142,-1,78,9,0
758,-1,27,6,1
469,11,21,8,0
26,11,70,8,1
59,-1,60,2,1
705,1,10,4,1
775,3,7,6,1
150,-1,103,9,0
507,11,70,8,1
300,0,3,3,1
238,-1,30,9,0
858,-1,98,3,0
342,0,13,3,1
834,3,28,6,0
410,4,17,7,0
177,10,41,11,0
155,14,31,9,1
167,10,41,11,0
180,-1,23,11,0
652,2,15,5,0
455,5,22,0,1
160,10,19,11,0
227,10,20,11,0
704,3,5,6,0
327,4,105,7,0
240,6,48,9,1
135,6,11,9,0
177,10,41,11,1
236,6,11,9,0
681,8,14,1,1
154,6,48,9,0
279,6,48,9,1
296,4,105,7,1
780,3,35,6,0
764,3,37,6,0
604,8,14,1,1
482,5,101,0,0
328,-1,104,7,1
62,-1,60,2,1
696,1,10,4,0
586,8,18,1,0
507,11,70,8,1
570,-1,53,5,0
653,2,25,5,1
622,-1,68,1,1
186,10,19,11,0
457,11,21,8,0
101,24,76,10,1
461,5,101,0,1
363,4,16,7,0
525,5,0,0,1
366,8,18,1,0
598,8,18,1,0
188,10,50,11,0
135,6,11,9,0
227,10,20,11,0
616,-1,80,5,1
867,4,26,7,0
620,-1,24,1,1
194,10,41,11,1
342,0,40,3,0
587,-1,1,1,0
699,1,10,4,0
496,5,34,0,0
132,-1,86,11,1
179,10,23,11,0
580,-1,24,1,0
570,-1,73,5,1
634,2,38,5,0
351,0,47,3,0
668,2,25,5,1
127,6,45,9,1
341,4,16,7,1
681,8,18,1,1
180,-1,20,11,1
792,3,5,6,0
351,0,47,3,1
669,-1,75,1,0
339,0,40,3,1
392,4,33,7,1
64,-1,60,2,0
194,10,41,11,1
457,11,21,8,0
528,5,34,0,1
315,13,51,3,1
476,-1,8,8,0
243,-1,79,9,1
696,1,10,4,1
464,-1,65,8,1
796,3,35,6,1
701,3,5,6,0
463,11,21,8,1
845,1,4,4,0
630,2,15,5,0
232,10,20,11,0
25,49,83,0,1
574,8,24,1,1
859,-1,42,3,1
593,8,1,1,0
424,-1,0,0,1
664,8,1,1,1
209,6,30,9,0
854,0,13,3,0
656,2,6,5,1
475,11,21,8,0
162,10,19,11,0
159,9,43,11,1
857,-1,42,3,0
608,8,14,1,0
707,1,4,4,0
720,1,10,4,0
392,4,96,7,1
707,1,10,4,1
372,6,11,9,1
165,10,19,11,1
53,-1,60,2,0
591,8,18,1,0
178,10,50,11,1
295,0,3,3,0
797,-1,35,6,1
641,2,25,5,0
385,4,16,7,1
254,5,22,0,1
201,10,50,11,0
652,2,15,5,0
363,4,16,7,1
388,4,16,7,0
178,10,19,11,0
629,8,18,1,0
677,2,25,5,0
860,4,66,7,1
709,1,32,4,0
297,4,74,7,1
339,0,3,3,1
798,50,4,4,0
642,2,38,5,0
749,3,85,6,1
528,5,34,0,0
710,1,10,4,0
175,10,23,11,0
344,0,3,3,0
337,0,13,3,0
134,6,45,9,0
191,-1,82,11,0
385,4,33,7,0
806,42,37,6,0
684,8,71,1,1
221,6,48,9,1
248,-1,22,0,1
197,10,23,11,1
364,8,18,1,1
165,10,19,11,0
461,5,101,0,1
698,1,10,4,1
350,0,40,3,1
701,3,5,6,0
333,0,3,3,0
398,4,33,7,1
898,-1,66,7,0
779,-1,7,6,0
88,-1,69,10,1
633,2,25,5,0
169,10,50,11,1
385,4,33,7,0
304,0,56,3,1
689,6,11,9,1
115,23,81,2,1
786,-1,7,6,1
765,3,37,6,0
730,1,32,4,0
474,11,21,8,1
141,-1,45,9,0
362,0,72,3,0
634,2,6,5,1
578,8,1,1,1
698,1,10,4,1
826,-1,37,6,1
459,5,101,0,0
696,1,10,4,0
670,8,18,1,0
494,5,34,0,0
494,5,34,0,0
479,11,8,8,0
675,-1,71,1,1
160,10,19,11,0
391,4,17,7,1
818,1,4,4,1
363,4,16,7,1
398,4,33,7,1
177,10,41,11,0
230,6,30,9,1
509,5,34,0,0
364,8,18,1,1
125,6,45,9,1
651,2,25,5,1
446,5,22,0,1
473,11,21,8,1
8,11,61,8,0
461,5,101,0,0
217,10,20,11,0
167,10,41,11,0
179,10,41,11,1
704,3,5,6,0
490,5,101,0,0
178,-1,43,11,0
690,3,5,6,0
591,8,14,1,1
222,6,78,9,0
526,5,83,0,0
176,10,19,11,1
297,4,74,7,1
212,15,30,9,1
608,8,14,1,1
463,11,21,8,1
688,1,10,4,0
162,10,19,11,1
145,6,30,9,0
161,10,23,11,1
609,-1,68,1,0
267,-1,31,9,1
671,8,18,1,1
462,5,22,0,0
344,0,3,3,0
357,0,47,3,0
84,-1,76,10,1
810,1,54,4,1
902,-1,26,7,0
355,0,47,3,1
424,5,0,0,0
339,0,3,3,0
15,11,61,8,0
698,1,10,4,0
476,-1,8,8,0
808,1,55,4,1
237,6,48,9,0
370,4,33,7,1
604,8,14,1,0
528,5,34,0,1
735,3,27,6,1
56,-1,77,10,1
146,6,11,9,1
761,3,5,6,1
63,-1,76,10,1
191,-1,82,11,1
389,4,33,7,1
664,8,75,1,1
177,10,41,11,1
805,1,10,4,1
546,-1,80,5,1
469,11,8,8,0
121,-1,87,10,0
68,23,12,2,0
771,3,37,6,1
218,6,11,9,1
229,30,79,9,0
735,3,85,6,0
203,-1,19,11,1
309,-1,74,7,0
505,5,34,0,0
836,-1,54,4,1
443,11,63,8,0
161,10,23,11,0
244,-1,50,11,0
406,4,74,7,0
188,10,19,11,1
416,-1,83,0,1
810,1,54,4,0
622,-1,68,1,1
383,0,40,3,0
230,6,48,9,0
860,4,96,7,0
645,-1,38,5,1
313,0,3,3,1
898,-1,66,7,0
327,4,105,7,1
565,-1,36,5,1
213,6,30,9,1
179,10,41,11,0
805,1,10,4,1
143,6,48,9,0
143,6,45,9,0
881,-1,66,7,0
344,0,3,3,1
528,5,34,0,1
125,6,11,9,1
524,5,9,0,1
118,-1,52,10,0
0,5,9,0,0
172,10,41,11,0
672,8,75,1,1
659,2,25,5,1
708,3,5,6,0
848,-1,42,3,0
423,11,63,8,0
585,8,1,1,0
586,8,14,1,0
762,1,32,4,0
586,8,14,1,0
716,1,10,4,0
743,1,88,4,0
197,10,90,11,0
638,2,6,5,0
27,-1,22,0,0
782,3,35,6,1
253,-1,31,9,1
188,10,50,11,0
289,-1,79,9,0
274,-1,31,9,0
446,-1,22,0,0
355,0,47,3,0
482,5,101,0,1
697,3,5,6,0
230,6,48,9,0
539,-1,44,1,0
337,0,47,3,1
162,10,19,11,0
16,35,29,0,1
185,9,93,11,1
671,8,18,1,0
647,2,6,5,1
28,-1,102,8,1
385,4,16,7,1
290,-1,93,11,0
474,11,8,8,1
674,8,18,1,0
179,10,19,11,0
603,8,68,1,0
767,-1,37,6,1
493,5,0,0,1
688,1,10,4,1
166,6,48,9,1
583,8,1,1,1
526,5,9,0,1
698,1,10,4,1
122,-1,58,2,0
229,-1,79,9,0
380,4,16,7,0
861,-1,17,7,1
378,5,9,0,1
630,2,15,5,0
475,11,21,8,0
647,2,6,5,0
682,-1,71,1,0
273,-1,94,11,0
856,0,42,3,1
862,0,13,3,0
803,1,4,4,1
793,-1,7,6,1
134,6,45,9,0
154,6,11,9,1
385,4,33,7,1
110,-1,12,2,0
498,5,29,0,0
668,2,53,5,0
465,11,65,8,0
190,6,48,9,0
149,6,45,9,0
637,2,15,5,0
590,8,24,1,1
470,11,21,8,1
100,46,81,2,0
142,6,48,9,0
25,-1,9,0,1
629,8,18,1,0
743,1,32,4,0
512,11,21,8,1
816,1,54,4,0
689,6,11,9,0
696,1,10,4,1
653,2,15,5,0
232,10,20,11,0
309,-1,62,7,0
823,-1,4,4,1
689,6,11,9,1
642,2,38,5,1
828,-1,55,4,0
704,3,5,6,1
699,1,10,4,0
295,0,56,3,1
701,3,5,6,0
235,51,82,11,1
699,1,10,4,1
463,11,21,8,1
646,2,73,5,0
877,35,29,0,0
368,2,25,5,0
795,-1,35,6,1
191,-1,82,11,0
432,-1,57,8,1
607,8,68,1,0
363,4,16,7,0
277,43,31,9,0
745,1,32,4,0
616,-1,15,5,1
633,2,25,5,1
132,-1,23,11,1
101,-1,59,10,1
688,1,10,4,1
325,0,3,3,0
880,26,56,3,0
720,1,10,4,0
337,0,47,3,0
751,1,54,4,0
561,54,73,5,1
785,-1,35,6,0
516,5,0,0,0
862,0,13,3,0
836,-1,54,4,0
814,1,4,4,0
657,2,38,5,1
503,11,21,8,0
784,3,35,6,1
449,5,0,0,0
509,5,34,0,1
463,11,21,8,0
450,-1,0,0,0
55,-1,81,2,0
380,4,16,7,0
434,5,0,0,1
125,6,45,9,0
494,5,34,0,1
351,0,47,3,1
678,-1,97,1,0
160,10,19,11,1
162,10,19,11,1
620,-1,68,1,0
456,5,0,0,0
357,0,47,3,1
700,3,5,6,1
204,-1,90,11,1
710,1,10,4,0
236,6,48,9,1
624,8,68,1,1
218,6,11,9,1
177,10,41,11,0
470,11,63,8,1
313,0,3,3,1
371,4,33,7,0
394,4,17,7,0
279,6,48,9,1
197,10,19,11,0
643,2,6,5,0
654,-1,15,5,1
905,-1,42,3,0
339,0,3,3,0
259,14,31,9,1
303,-1,56,3,1
690,3,5,6,0
861,-1,17,7,1
502,5,34,0,1
457,11,21,8,1
509,5,34,0,0
252,11,65,8,1
707,1,10,4,1
537,-1,64,5,0
170,-1,43,11,0
382,4,96,7,1
302,-1,67,3,0
740,-1,85,6,0
148,6,45,9,0
481,19,65,8,1
591,8,18,1,0
29,-1,22,0,1
784,3,35,6,1
306,4,74,7,0
498,5,34,0,1
313,0,3,3,0
771,3,5,6,0
490,5,101,0,0
16,35,9,0,0
874,4,26,7,1
690,3,5,6,1
863,0,72,3,1
403,4,16,7,1
259,14,48,9,1
660,-1,15,5,1
912,4,26,7,0
704,3,5,6,0
912,4,26,7,0
329,-1,104,7,0
630,2,25,5,1
799,-1,7,6,0
174,6,11,9,0
628,2,73,5,1
475,11,63,8,0
702,3,5,6,0
622,-1,68,1,1
305,-1,67,3,1
428,52,63,8,0
499,5,29,0,0
383,0,40,3,0
525,5,34,0,1
179,10,41,11,0
503,11,21,8,0
363,4,16,7,0
638,2,6,5,1
195,10,23,11,0
800,-1,88,4,1
259,14,31,9,1
845,1,4,4,1
324,4,74,7,1
636,2,6,5,0
721,3,5,6,1
324,4,74,7,0
149,6,45,9,0
677,2,53,5,0
826,3,28,6,0
512,11,63,8,0
491,-1,101,0,0
213,6,30,9,1
681,8,18,1,0
480,5,29,0,1
488,11,21,8,0
220,10,50,11,1
696,1,10,4,0
123,-1,58,2,0
647,2,6,5,1
463,11,21,8,1
451,-1,22,0,1
65,-1,89,10,1
459,5,101,0,1
869,0,13,3,1
460,11,21,8,0
585,8,1,1,1
663,8,18,1,0
339,0,3,3,0
220,10,50,11,0
608,8,14,1,1
837,-1,54,4,1
542,-1,38,5,1
696,1,10,4,1
363,4,16,7,1
613,-1,15,5,1
148,6,11,9,1
162,10,19,11,1
186,10,19,11,1
457,11,21,8,0
221,6,48,9,1
386,4,33,7,0
714,3,28,6,1
795,-1,35,6,0
96,53,59,10,1
475,11,63,8,1
377,4,96,7,0
629,8,18,1,0
215,6,30,9,1
822,-1,88,4,0
244,-1,20,11,1
204,-1,90,11,1
578,8,1,1,1
154,6,11,9,1
423,11,63,8,0
896,4,26,7,0
737,-1,54,4,0
591,8,18,1,0
770,1,4,4,1
457,11,21,8,0
494,5,34,0,0
767,-1,37,6,0
630,2,25,5,0
617,8,14,1,0
578,8,1,1,0
129,6,45,9,0
633,2,25,5,1
639,8,18,1,0
116,-1,69,10,1
477,5,22,0,1
192,10,41,11,0
474,11,21,8,0
679,33,71,1,1
705,1,10,4,1
481,-1,65,8,1
867,4,16,7,0
392,4,33,7,0
819,-1,28,6,0
491,-1,22,0,1
385,4,16,7,0
400,4,105,7,0
583,8,1,1,1
847,4,96,7,0
189,10,23,11,1
440,11,63,8,0
701,3,37,6,1
468,5,34,0,0
201,10,41,11,0
355,0,47,3,0
803,1,4,4,1
113,-1,58,2,0
316,0,51,3,1
389,4,33,7,1
411,-1,105,7,0
892,7,56,3,0
619,-1,97,1,0
662,-1,44,1,1
808,-1,55,4,0
223,15,30,9,0
591,8,18,1,1
172,10,41,11,1
420,-1,57,8,1
434,5,0,0,0
105,34,76,10,1
543,-1,38,5,1
735,3,27,6,1
527,5,29,0,1
778,1,32,4,1
878,-1,66,7,0
516,5,0,0,0
721,3,28,6,0
465,21,8,8,0
816,1,54,4,1
690,3,5,6,0
89,-1,58,-1,0
176,10,19,11,1
177,10,41,11,0
66,-1,77,10,0
770,1,4,4,0
907,4,105,7,0
421,-1,39,8,1
55,46,81,2,1
710,1,10,4,0
30,11,70,8,0
457,11,21,8,0
596,8,18,1,1
772,1,32,4,1
469,11,65,8,1
423,11,63,8,1
161,10,23,11,0
571,-1,80,5,1
98,-1,76,10,1
203,9,93,11,1
452,18,83,0,1
293,-1,31,9,0
610,8,68,1,1
730,1,32,4,1
83,-1,69,10,1
134,6,11,9,1
143,6,45,9,0
604,8,14,1,1
380,4,16,7,0
61,-1,60,2,0
311,-1,51,3,1
736,3,27,6,1
864,0,42,3,0
449,5,0,0,0
240,6,48,9,1
423,11,63,8,0
896,4,26,7,0
224,10,41,11,0
898,-1,66,7,0
443,11,63,8,0
344,0,3,3,0
499,5,29,0,0
719,3,28,6,0
406,4,74,7,0
385,4,16,7,0
256,11,65,8,1
796,3,35,6,0
294,4,16,7,0
291,-1,43,11,1
841,11,8,8,1
245,10,50,11,1
389,4,33,7,0
780,3,35,6,1
596,8,18,1,0
305,-1,67,3,1
463,11,21,8,0
824,50,4,4,0
457,11,21,8,1
24,-1,29,0,1
865,-1,62,7,0
457,11,21,8,1
352,0,3,3,1
63,-1,76,10,0
659,2,25,5,1
503,11,21,8,1
508,11,70,8,1
766,1,32,4,1
646,2,73,5,1
208,-1,84,11,1
766,1,32,4,0
162,10,19,11,0
306,-1,74,7,1
373,4,33,7,0
572,-1,36,5,0
703,3,28,6,0
561,54,80,5,1
475,11,21,8,1
795,-1,35,6,0
494,5,34,0,0
798,50,4,4,0
295,0,3,3,1
542,20,38,5,0
487,-1,101,0,0
172,10,41,11,1
205,-1,86,11,1
713,3,5,6,0
730,1,32,4,1
463,11,21,8,0
366,8,18,1,1
72,44,69,10,1
125,6,11,9,1
131,22,78,9,0
912,-1,26,7,0
366,8,18,1,1
306,4,74,7,0
312,0,56,3,0
61,-1,60,2,0
177,10,41,11,1
591,8,18,1,1
346,0,40,3,0
827,1,54,4,0
802,1,4,4,0
182,10,90,11,0
634,2,38,5,0
720,1,10,4,0
509,5,34,0,0
63,55,76,10,1
25,-1,83,0,0
709,1,32,4,0
461,5,101,0,1
689,6,11,9,0
344,0,3,3,1
651,2,38,5,0
621,-1,36,5,1
333,0,3,3,0
688,1,10,4,0
710,1,10,4,0
659,2,25,5,0
330,4,74,7,0
503,11,21,8,0
619,-1,97,1,1
385,4,16,7,0
398,4,33,7,0
645,-1,38,5,1
456,5,0,0,0
475,11,63,8,0
912,4,26,7,1
452,18,83,0,0
599,-1,24,1,1
480,5,101,0,1
67,-1,2,10,0
317,-1,74,7,0
870,5,34,0,0
357,0,47,3,1
907,-1,26,7,1
816,1,10,4,0
808,1,55,4,0
547,-1,1,1,0
873,0,13,3,0
856,0,42,3,1
30,-1,70,8,0
177,10,41,11,0
705,1,10,4,1
320,17,67,3,0
393,4,16,7,0
635,8,18,1,0
643,2,6,5,1
697,3,5,6,1
502,5,34,0,0
132,10,86,11,0
385,4,16,7,0
363,4,16,7,1
759,-1,49,4,0
3,1,32,4,0
235,51,82,11,1
442,-1,57,8,1
574,8,24,1,0
578,8,1,1,0
192,10,41,11,1
90,-1,69,10,1
647,2,6,5,1
824,50,4,4,1
208,-1,84,11,1
690,3,5,6,0
335,0,40,3,1
604,8,14,1,1
494,5,34,0,1
244,10,50,11,0
42,16,76,10,0
91,-1,69,10,1
453,-1,57,8,1
636,2,6,5,0
526,5,83,0,1
708,3,5,6,0
154,6,11,9,1
675,-1,71,1,0
68,23,81,2,0
456,5,0,0,0
699,1,10,4,1
769,3,85,6,0
735,3,27,6,0
507,11,70,8,0
31,-1,22,0,0
463,11,21,8,0
68,23,60,2,1
135,6,11,9,1
650,2,15,5,0
457,11,21,8,0
452,18,83,0,1
244,10,20,11,1
487,-1,101,0,0
890,0,13,3,0
428,52,63,8,0
171,10,23,11,1
450,-1,0,0,1
685,28,75,1,1
213,6,11,9,1
509,5,34,0,0
296,4,105,7,0
479,11,8,8,1
717,3,5,6,1
493,5,0,0,1
827,1,4,4,0
699,1,10,4,0
614,2,15,5,1
474,11,21,8,1
284,6,48,9,1
403,4,16,7,0
636,2,6,5,1
222,6,30,9,0
165,10,19,11,0
711,3,35,6,0
492,21,65,8,0
312,0,56,3,1
189,10,23,11,1
698,1,10,4,1
301,4,16,7,0
423,11,63,8,0
503,11,21,8,0
329,-1,104,7,0
385,4,16,7,0
657,2,38,5,0
607,-1,24,1,0
642,2,38,5,1
457,11,21,8,0
69,-1,60,2,0
373,4,33,7,1
395,4,74,7,1
527,5,29,0,0
434,5,0,0,1
156,-1,103,9,1
308,0,56,3,0
234,6,30,9,0
710,1,10,4,0
357,0,47,3,0
453,-1,57,8,0
708,3,5,6,1
373,4,33,7,0
459,5,101,0,0
402,4,17,7,0
124,-1,59,10,0
512,11,21,8,0
833,-1,55,4,1
372,6,11,9,1
630,2,6,5,1
63,-1,76,10,0
462,5,101,0,0
223,15,30,9,0
176,10,19,11,1
443,11,63,8,0
494,5,34,0,0
81,-1,76,10,0
458,5,34,0,0
595,-1,38,5,1
742,1,32,4,1
655,2,25,5,0
607,8,24,1,0
274,-1,31,9,0
707,1,4,4,0
542,20,38,5,0
390,4,16,7,1
642,2,38,5,1
707,1,10,4,0
656,2,6,5,0
523,5,9,0,0
412,2,6,5,1
673,-1,71,1,0
670,8,18,1,1
8,11,61,8,1
243,-1,79,9,0
509,5,34,0,0
715,1,54,4,0
95,-1,52,10,1
735,3,27,6,1
623,-1,68,1,1
745,1,32,4,0
25,49,83,0,0
555,-1,64,5,0
532,-1,36,5,0
206,10,19,11,0
387,4,17,7,0
747,-1,88,4,0
296,4,26,7,0
635,8,18,1,1
762,1,54,4,1
480,5,101,0,0
700,3,5,6,1
389,4,33,7,1
810,1,54,4,0
188,10,19,11,1
313,0,3,3,0
556,-1,38,5,1
341,4,16,7,0
784,3,35,6,1
371,4,17,7,1
805,1,54,4,0
686,-1,75,1,1
223,15,30,9,1
874,4,26,7,0
731,1,32,4,1
610,8,14,1,0
159,9,43,11,1
457,11,21,8,0
759,-1,49,4,1
537,37,53,5,0
764,3,37,6,1
842,1,4,4,1
624,8,68,1,0
167,10,41,11,0
244,10,50,11,0
516,5,9,0,1
423,11,63,8,1
524,5,9,0,1
630,2,15,5,0
422,-1,57,8,0
700,3,5,6,1
801,-1,7,6,0
32,-1,8,8,1
816,1,54,4,0
528,5,34,0,0
221,6,48,9,1
71,36,2,10,0
650,2,15,5,0
784,3,35,6,0
172,10,41,11,0
688,1,10,4,1
699,1,10,4,1
670,8,18,1,0
454,-1,22,0,0
483,11,61,8,0
753,-1,85,6,0
30,11,39,8,0
167,10,41,11,1
333,0,47,3,0
403,4,16,7,0
369,0,47,3,0
494,5,34,0,0
739,1,54,4,1
410,4,17,7,1
863,0,72,3,1
708,3,5,6,0
583,8,1,1,0
803,1,4,4,1
145,6,45,9,0
258,6,48,9,0
816,1,10,4,1
157,-1,103,9,1
398,4,33,7,0
179,10,19,11,0
6,-1,61,8,0
512,11,21,8,0
372,6,11,9,0
252,19,65,8,0
656,2,6,5,0
701,3,5,6,1
528,5,34,0,0
686,8,75,1,0
449,-1,0,0,0
214,-1,20,11,1
475,11,63,8,1
643,2,6,5,0
653,2,15,5,0
411,-1,105,7,0
292,-1,106,11,1
659,2,25,5,1
161,10,23,11,1
3,1,32,4,1
105,34,76,10,1
542,20,38,5,0
459,5,101,0,0
307,0,51,3,1
690,3,5,6,1
246,-1,82,11,0
17,-1,83,0,0
335,0,72,3,0
721,3,28,6,1
628,2,73,5,1
690,3,5,6,0
661,39,71,1,0
45,-1,77,10,0
726,-1,49,4,0
670,8,18,1,0
316,-1,51,3,0
247,-1,103,9,1
291,-1,94,11,0
853,0,40,3,1
30,11,70,8,1
337,0,13,3,0
838,-1,28,6,1
358,0,47,3,0
400,4,105,7,1
707,1,4,4,0
331,0,67,3,1
261,25,48,9,1
494,5,34,0,0
449,-1,0,0,1
218,6,11,9,1
390,4,33,7,1
438,5,0,0,1
462,5,22,0,0
597,8,1,1,1
701,3,5,6,0
240,6,48,9,0
753,3,85,6,0
689,6,11,9,1
911,0,13,3,1
509,5,34,0,0
10,45,83,0,0
574,8,24,1,1
444,11,39,8,1
460,11,21,8,1
443,11,63,8,1
710,1,10,4,1
355,0,47,3,0
356,0,40,3,0
828,-1,55,4,1
710,1,10,4,0
638,2,15,5,1
0,5,9,0,0
101,24,76,10,0
458,5,34,0,0
26,11,70,8,0
129,6,45,9,1
720,1,10,4,0
667,-1,64,5,1
878,-1,66,7,1
158,10,23,11,1
390,4,33,7,0
363,4,16,7,0
216,-1,79,9,0
243,-1,79,9,0
455,5,22,0,1
638,2,6,5,0
741,1,54,4,0
298,4,105,7,1
213,6,30,9,1
460,11,21,8,1
293,-1,31,9,1
337,0,47,3,1
459,5,101,0,0
629,8,18,1,0
718,3,28,6,1
394,-1,17,7,0
18,35,29,0,1
647,2,6,5,0
649,8,14,1,0
33,-1,39,8,0
502,5,34,0,1
475,11,21,8,0
70,36,2,10,1
355,0,47,3,0
403,4,16,7,0
658,2,15,5,1
332,-1,67,3,1
633,2,25,5,1
760,-1,37,6,1
607,-1,24,1,0
493,5,0,0,0
702,3,5,6,1
494,5,34,0,0
60,-1,89,10,0
34,5,9,0,1
215,6,30,9,1
613,-1,36,5,1
671,8,18,1,1
679,33,71,1,0
177,10,41,11,0
377,4,96,7,0
717,3,5,6,0
173,10,19,11,1
438,5,0,0,1
715,1,10,4,0
176,10,19,11,1
602,-1,15,5,0
146,6,45,9,0
658,2,15,5,1
493,5,0,0,0
357,0,47,3,1
406,4,74,7,0
716,1,10,4,0
573,-1,38,5,0
705,1,10,4,1
462,5,101,0,1
636,2,6,5,1
742,1,32,4,1
494,5,34,0,1
625,2,73,5,1
213,6,30,9,0
802,1,55,4,1
744,1,88,4,0
368,2,25,5,0
261,25,48,9,1
818,1,55,4,0
690,3,5,6,1
840,0,47,3,0
869,0,13,3,0
496,5,34,0,0
638,2,6,5,0
385,4,33,7,0
234,6,30,9,1
154,6,48,9,0
167,10,41,11,0
509,5,34,0,1
650,2,15,5,1
782,3,35,6,0
696,1,32,4,1
19,11,61,8,1
787,3,5,6,0
643,2,6,5,1
333,0,3,3,1
707,1,4,4,0
670,8,18,1,1
684,8,71,1,0
687,-1,75,1,1
41,-1,52,10,0
26,11,70,8,0
668,2,53,5,1
642,2,38,5,0
342,0,13,3,1
458,5,34,0,0
488,11,21,8,1
8,11,61,8,0
352,0,40,3,1
643,2,6,5,0
398,4,33,7,0
464,-1,65,8,0
207,10,93,11,1
385,4,16,7,0
841,11,8,8,0
834,-1,28,6,1
135,6,11,9,1
359,0,40,3,0
316,0,51,3,0
839,-1,100,6,1
410,4,17,7,1
717,3,5,6,0
92,-1,89,2,1
